customerID,gender,SeniorCitizen,Partner,Dependents,tenure,PhoneService,MultipleLines,InternetService,OnlineSecurity,OnlineBackup,DeviceProtection,TechSupport,StreamingTV,StreamingMovies,Contract,PaperlessBilling,PaymentMethod,MonthlyCharges,TotalCharges,Churn,Churn Flag,Tenure Category,Monthly Charge Category,Customer Risk Category,TenureGroup,Predicted_Churn,Churn_Probability,Risk_Category
0604-THJFP,Female,0,Yes,Yes,59,Yes,No,DSL,No,Yes,No,Yes,Yes,Yes,Two year,Yes,Credit card (automatic),75.95,4542.35,0,0,49+ Months,High,Low Risk,49+ Months,0,0.020769453349653348,Low Risk
4059-IIEBK,Female,0,No,No,7,Yes,Yes,Fiber optic,No,Yes,No,No,No,No,Month-to-month,Yes,Bank transfer (automatic),78.55,522.95,0,0,0-12 Months,High,High Risk,0-12 Months,1,0.6376420185749511,Medium Risk
2228-BZDEE,Female,0,No,No,54,Yes,No,No,No internet service,No internet service,No internet service,No internet service,No internet service,No internet service,Two year,No,Mailed check,20.1,1079.45,0,0,49+ Months,Low,Low Risk,49+ Months,0,0.007900894413117698,Low Risk
2839-RFSQE,Female,0,No,No,2,Yes,No,No,No internet service,No internet service,No internet service,No internet service,No internet service,No internet service,Month-to-month,No,Mailed check,20.65,38.7,1,0,0-12 Months,Low,Medium Risk,0-12 Months,0,0.2140522318755051,Low Risk
5360-LJCNJ,Female,0,Yes,No,71,Yes,Yes,Fiber optic,No,Yes,Yes,No,Yes,Yes,Two year,Yes,Bank transfer (automatic),105.15,7555.0,0,0,49+ Months,High,Low Risk,49+ Months,0,0.09664064003969997,Low Risk
7752-XUSCI,Female,0,No,No,60,Yes,Yes,Fiber optic,No,Yes,Yes,No,Yes,Yes,Month-to-month,Yes,Electronic check,105.9,6396.45,1,0,49+ Months,High,Medium Risk,49+ Months,0,0.4960165541777806,Medium Risk
8277-RVRSV,Female,0,Yes,Yes,33,Yes,Yes,No,No internet service,No internet service,No internet service,No internet service,No internet service,No internet service,One year,No,Credit card (automatic),24.15,800.3,0,0,25-48 Months,Low,Low Risk,25-48 Months,0,0.02997023760907721,Low Risk
3530-CRZSB,Female,0,No,No,7,Yes,No,No,No internet service,No internet service,No internet service,No internet service,No internet service,No internet service,Month-to-month,No,Mailed check,20.65,155.9,0,0,0-12 Months,Low,Medium Risk,0-12 Months,0,0.17631829787028785,Low Risk
2845-HSJCY,Female,0,Yes,Yes,14,Yes,Yes,Fiber optic,No,No,Yes,No,No,Yes,Month-to-month,Yes,Electronic check,87.25,1258.6,1,0,13-24 Months,High,Medium Risk,13-24 Months,1,0.6360185897464343,Medium Risk
0336-KXKFK,Male,0,No,No,72,No,No phone service,DSL,Yes,No,Yes,Yes,Yes,Yes,Two year,Yes,Credit card (automatic),61.2,4390.25,0,0,49+ Months,Medium,Low Risk,49+ Months,0,0.021885744756593675,Low Risk
7044-YAACC,Male,1,Yes,No,4,Yes,No,Fiber optic,No,No,No,No,No,No,Month-to-month,Yes,Electronic check,70.2,280.35,0,0,0-12 Months,High,High Risk,0-12 Months,1,0.7342550849585106,High Risk
5396-IZEPB,Male,0,No,No,9,Yes,No,No,No internet service,No internet service,No internet service,No internet service,No internet service,No internet service,Month-to-month,No,Credit card (automatic),19.7,180.7,0,0,0-12 Months,Low,Medium Risk,0-12 Months,0,0.1601945091588684,Low Risk
3317-VLGQT,Female,0,Yes,No,14,Yes,No,Fiber optic,No,No,No,No,No,Yes,Month-to-month,Yes,Electronic check,78.1,1122.4,0,0,13-24 Months,High,Medium Risk,13-24 Months,1,0.5787137447120908,Medium Risk
6967-PEJLL,Male,0,Yes,Yes,37,No,No phone service,DSL,Yes,No,Yes,Yes,No,No,One year,Yes,Electronic check,40.2,1525.35,0,0,25-48 Months,Medium,Low Risk,25-48 Months,0,0.06615231752804007,Low Risk
2091-MJTFX,Female,0,Yes,Yes,30,No,No phone service,DSL,No,No,No,Yes,Yes,Yes,Month-to-month,No,Credit card (automatic),51.2,1561.5,1,0,25-48 Months,Medium,Medium Risk,25-48 Months,0,0.21496842675766006,Low Risk
2034-GDRCN,Female,0,No,No,2,Yes,No,Fiber optic,No,No,No,No,Yes,Yes,Month-to-month,Yes,Electronic check,90.4,168.2,1,0,0-12 Months,High,High Risk,0-12 Months,1,0.8088925080953238,High Risk
8676-TRMJS,Male,0,No,No,3,Yes,Yes,Fiber optic,No,No,No,No,No,No,Month-to-month,No,Mailed check,75.0,209.1,1,0,0-12 Months,High,High Risk,0-12 Months,1,0.6547595654430903,Medium Risk
6298-QDFNH,Male,0,No,No,22,Yes,Yes,Fiber optic,No,Yes,No,No,No,No,Month-to-month,Yes,Electronic check,79.35,1730.35,1,0,13-24 Months,High,Medium Risk,13-24 Months,0,0.4701732888991727,Medium Risk
0701-TJSEF,Male,0,No,No,9,Yes,No,DSL,Yes,No,Yes,Yes,No,Yes,Month-to-month,Yes,Bank transfer (automatic),68.25,576.95,0,0,0-12 Months,Medium,Medium Risk,0-12 Months,0,0.2614695955394631,Low Risk
5743-KHMNA,Male,0,No,No,71,Yes,Yes,No,No internet service,No internet service,No internet service,No internet service,No internet service,No internet service,Two year,No,Bank transfer (automatic),25.55,1898.1,0,0,49+ Months,Low,Low Risk,49+ Months,0,0.004747938855843374,Low Risk
0613-WUXUM,Female,0,Yes,Yes,70,Yes,No,No,No internet service,No internet service,No internet service,No internet service,No internet service,No internet service,Two year,Yes,Mailed check,19.2,1401.4,0,0,49+ Months,Low,Low Risk,49+ Months,0,0.003988684818444413,Low Risk
3137-LUPIX,Female,0,No,No,4,Yes,Yes,DSL,No,No,No,Yes,Yes,No,Month-to-month,Yes,Mailed check,64.4,253.0,0,0,0-12 Months,Medium,Medium Risk,0-12 Months,1,0.5040098734657611,Medium Risk
3716-UVSPD,Male,0,No,No,1,Yes,No,DSL,No,No,No,Yes,No,No,Month-to-month,Yes,Electronic check,49.3,49.3,0,0,0-12 Months,Medium,Medium Risk,0-12 Months,0,0.44419141539831625,Medium Risk
4800-CZMPC,Female,0,Yes,Yes,48,Yes,Yes,Fiber optic,Yes,Yes,No,No,Yes,Yes,One year,Yes,Credit card (automatic),103.25,5037.55,1,0,25-48 Months,High,Low Risk,25-48 Months,0,0.14103728501082932,Low Risk
5144-PQCDZ,Male,0,No,No,4,Yes,No,No,No internet service,No internet service,No internet service,No internet service,No internet service,No internet service,Month-to-month,Yes,Mailed check,19.95,59.25,0,0,0-12 Months,Low,Medium Risk,0-12 Months,0,0.2456388341504536,Low Risk
9286-DOJGF,Female,1,Yes,No,38,Yes,Yes,Fiber optic,No,No,No,No,No,No,Month-to-month,Yes,Bank transfer (automatic),74.95,2869.85,1,0,25-48 Months,High,Medium Risk,25-48 Months,0,0.37670563609990915,Low Risk
6258-NGCNG,Male,0,No,No,7,Yes,Yes,No,No internet service,No internet service,No internet service,No internet service,No internet service,No internet service,Month-to-month,No,Mailed check,23.5,173.0,0,0,0-12 Months,Low,Medium Risk,0-12 Months,0,0.24041406276839172,Low Risk
1335-MXCSE,Male,0,Yes,Yes,55,Yes,No,DSL,No,No,Yes,Yes,No,No,Two year,Yes,Credit card (automatic),55.25,3119.9,0,0,49+ Months,Medium,Low Risk,49+ Months,0,0.01645645355579054,Low Risk
6322-HRPFA,Male,0,Yes,Yes,49,Yes,No,DSL,Yes,Yes,No,Yes,No,No,Month-to-month,No,Credit card (automatic),59.6,2970.3,0,0,49+ Months,Medium,Medium Risk,49+ Months,0,0.03645479203175857,Low Risk
6646-QVXLR,Male,1,Yes,No,62,Yes,Yes,Fiber optic,No,Yes,Yes,No,Yes,Yes,One year,Yes,Electronic check,103.75,6383.35,1,0,49+ Months,High,Low Risk,49+ Months,0,0.35464556441447626,Low Risk
6941-KXRRV,Female,1,Yes,No,48,Yes,No,DSL,No,Yes,No,No,No,Yes,One year,Yes,Bank transfer (automatic),58.95,2789.7,0,0,25-48 Months,Medium,Low Risk,25-48 Months,0,0.055142157655303045,Low Risk
3716-BDVDB,Male,0,No,No,1,Yes,No,Fiber optic,No,No,No,No,No,No,Month-to-month,Yes,Electronic check,69.1,69.1,1,0,0-12 Months,Medium,Medium Risk,0-12 Months,1,0.7344490320068663,High Risk
2465-BLLEU,Male,0,No,No,1,Yes,No,No,No internet service,No internet service,No internet service,No internet service,No internet service,No internet service,Month-to-month,Yes,Mailed check,19.75,19.75,0,0,0-12 Months,Low,Medium Risk,0-12 Months,0,0.2752327953478906,Low Risk
1525-LNLOJ,Male,0,Yes,Yes,66,Yes,Yes,DSL,No,No,Yes,No,Yes,No,Two year,Yes,Bank transfer (automatic),63.3,4189.7,0,0,49+ Months,Medium,Low Risk,49+ Months,0,0.02861364760566177,Low Risk
0390-DCFDQ,Female,1,Yes,No,1,Yes,No,Fiber optic,No,No,No,No,No,No,Month-to-month,Yes,Mailed check,70.45,70.45,1,0,0-12 Months,High,High Risk,0-12 Months,1,0.7034781155160941,High Risk
0258-NOKBL,Male,0,No,No,3,Yes,No,Fiber optic,No,Yes,Yes,No,No,Yes,Month-to-month,No,Electronic check,90.4,268.45,0,0,0-12 Months,High,High Risk,0-12 Months,1,0.662206118755514,Medium Risk
6303-KFWSL,Female,0,No,No,29,Yes,Yes,DSL,No,Yes,No,No,No,No,One year,Yes,Electronic check,55.25,1620.2,0,0,25-48 Months,Medium,Low Risk,25-48 Months,0,0.1469620373789628,Low Risk
1194-BHJYC,Male,0,Yes,No,61,No,No phone service,DSL,Yes,No,Yes,Yes,Yes,Yes,Two year,Yes,Mailed check,62.15,3778.85,0,0,49+ Months,Medium,Low Risk,49+ Months,0,0.03414864352961954,Low Risk
5049-GLYVG,Male,0,No,No,1,Yes,No,No,No internet service,No internet service,No internet service,No internet service,No internet service,No internet service,Month-to-month,No,Mailed check,20.6,20.6,1,0,0-12 Months,Low,Medium Risk,0-12 Months,0,0.21787442386717065,Low Risk
1685-VAYJF,Male,0,No,No,11,Yes,No,DSL,No,No,No,No,No,No,Month-to-month,No,Credit card (automatic),45.2,492.0,0,0,0-12 Months,Medium,Medium Risk,0-12 Months,0,0.28144181517115713,Low Risk
2348-KCJLT,Female,0,Yes,No,44,Yes,No,DSL,Yes,Yes,Yes,No,No,No,One year,Yes,Mailed check,61.5,2722.2,0,0,25-48 Months,Medium,Low Risk,25-48 Months,0,0.030978266228575246,Low Risk
6425-JWTDV,Male,0,Yes,No,48,Yes,No,No,No internet service,No internet service,No internet service,No internet service,No internet service,No internet service,Two year,No,Mailed check,19.25,855.1,0,0,25-48 Months,Low,Low Risk,25-48 Months,0,0.005702640734339202,Low Risk
3022-BEXHZ,Male,0,Yes,Yes,67,Yes,Yes,Fiber optic,No,Yes,Yes,Yes,Yes,Yes,Two year,Yes,Bank transfer (automatic),111.2,7530.8,0,0,49+ Months,High,Low Risk,49+ Months,0,0.06561390595640311,Low Risk
0670-ANMUU,Male,0,No,No,71,Yes,Yes,Fiber optic,Yes,No,No,Yes,No,Yes,One year,No,Credit card (automatic),97.65,6687.85,0,0,49+ Months,High,Low Risk,49+ Months,0,0.05624831542885072,Low Risk
6349-JDHQP,Female,0,No,No,53,Yes,No,No,No internet service,No internet service,No internet service,No internet service,No internet service,No internet service,Two year,No,Credit card (automatic),19.85,1049.6,0,0,49+ Months,Low,Low Risk,49+ Months,0,0.008236032487195812,Low Risk
0961-ZWLVI,Male,0,No,Yes,49,Yes,Yes,Fiber optic,Yes,Yes,Yes,No,Yes,Yes,One year,Yes,Credit card (automatic),109.2,5290.45,0,0,49+ Months,High,Low Risk,49+ Months,0,0.22663966470210578,Low Risk
9289-LBQVU,Male,0,Yes,No,64,Yes,Yes,DSL,No,Yes,No,Yes,No,Yes,One year,Yes,Mailed check,70.15,4480.7,0,0,49+ Months,High,Low Risk,49+ Months,0,0.04434893381283272,Low Risk
4759-PXTAN,Female,0,Yes,No,59,Yes,Yes,DSL,No,Yes,No,Yes,Yes,Yes,One year,Yes,Electronic check,80.1,4693.2,0,0,49+ Months,High,Low Risk,49+ Months,0,0.10157907275667287,Low Risk
6695-AMZUF,Female,0,Yes,No,70,Yes,No,DSL,Yes,Yes,Yes,Yes,Yes,Yes,Two year,No,Credit card (automatic),86.45,5950.2,0,0,49+ Months,High,Low Risk,49+ Months,0,0.009226745076358572,Low Risk
9114-AAFQH,Female,0,Yes,No,48,Yes,No,DSL,No,Yes,Yes,No,No,Yes,One year,Yes,Electronic check,65.65,3094.65,0,0,25-48 Months,Medium,Low Risk,25-48 Months,0,0.06761166590980647,Low Risk
9992-UJOEL,Male,0,No,No,2,Yes,No,DSL,No,Yes,No,No,No,No,Month-to-month,Yes,Mailed check,50.3,92.75,0,0,0-12 Months,Medium,Medium Risk,0-12 Months,0,0.39657890377795996,Low Risk
1776-SPBWV,Female,0,Yes,Yes,34,Yes,No,No,No internet service,No internet service,No internet service,No internet service,No internet service,No internet service,One year,Yes,Bank transfer (automatic),20.1,682.1,0,0,25-48 Months,Low,Low Risk,25-48 Months,0,0.023890095026657152,Low Risk
3692-JHONH,Female,1,Yes,No,52,Yes,Yes,Fiber optic,No,Yes,Yes,No,Yes,Yes,One year,Yes,Electronic check,106.5,5621.85,0,0,49+ Months,High,Low Risk,49+ Months,0,0.44230916861756076,Medium Risk
7495-OOKFY,Female,1,Yes,No,8,Yes,Yes,Fiber optic,No,Yes,No,No,No,No,Month-to-month,Yes,Credit card (automatic),80.65,633.3,1,0,0-12 Months,High,High Risk,0-12 Months,1,0.6777466888116948,Medium Risk
5982-PSMKW,Female,0,Yes,Yes,23,Yes,Yes,DSL,Yes,Yes,Yes,Yes,Yes,Yes,Two year,Yes,Credit card (automatic),91.1,2198.3,0,0,13-24 Months,High,Low Risk,13-24 Months,0,0.03980573462364547,Low Risk
3298-QEICA,Female,0,Yes,Yes,23,No,No phone service,DSL,Yes,No,No,Yes,No,No,Two year,No,Mailed check,34.6,813.45,0,0,13-24 Months,Medium,Low Risk,13-24 Months,0,0.025995220825663978,Low Risk
8757-TFHHJ,Male,0,No,No,1,Yes,No,DSL,Yes,No,No,No,No,No,Month-to-month,Yes,Credit card (automatic),49.8,49.8,0,0,0-12 Months,Medium,Medium Risk,0-12 Months,0,0.35452683283725844,Low Risk
5022-JNQEQ,Female,0,Yes,Yes,9,Yes,No,Fiber optic,No,No,No,Yes,No,No,Month-to-month,Yes,Electronic check,75.85,647.5,0,0,0-12 Months,High,High Risk,0-12 Months,1,0.5109416072623563,Medium Risk
2418-TPEUN,Female,0,Yes,Yes,56,Yes,No,No,No internet service,No internet service,No internet service,No internet service,No internet service,No internet service,Two year,Yes,Credit card (automatic),19.8,1119.9,0,0,49+ Months,Low,Low Risk,49+ Months,0,0.007648843276173425,Low Risk
4229-CZMLL,Male,0,No,No,6,Yes,Yes,Fiber optic,No,No,No,No,No,No,Month-to-month,Yes,Electronic check,74.9,469.8,1,0,0-12 Months,High,High Risk,0-12 Months,1,0.7526413868292258,High Risk
0191-EQUUH,Female,0,No,Yes,25,No,No phone service,DSL,Yes,No,No,Yes,No,No,Two year,No,Bank transfer (automatic),35.05,844.45,0,0,25-48 Months,Medium,Low Risk,25-48 Months,0,0.028047505454694335,Low Risk
3099-OONVS,Male,0,Yes,Yes,25,Yes,No,DSL,Yes,No,No,Yes,No,No,Month-to-month,No,Electronic check,54.3,1296.8,0,0,25-48 Months,Medium,Medium Risk,25-48 Months,0,0.08623830512391419,Low Risk
0491-KAPQG,Male,0,No,No,21,Yes,Yes,Fiber optic,No,No,No,No,No,No,Month-to-month,Yes,Electronic check,73.7,1558.7,0,0,13-24 Months,High,Medium Risk,13-24 Months,1,0.5276828293310375,Medium Risk
1090-ESELR,Male,0,Yes,Yes,72,Yes,No,Fiber optic,Yes,Yes,No,Yes,Yes,Yes,Two year,No,Bank transfer (automatic),105.5,7611.55,0,0,49+ Months,High,Low Risk,49+ Months,0,0.018025614923761507,Low Risk
2208-NKVVH,Male,0,Yes,Yes,43,Yes,Yes,No,No internet service,No internet service,No internet service,No internet service,No internet service,No internet service,Two year,No,Mailed check,24.25,1077.95,0,0,25-48 Months,Low,Low Risk,25-48 Months,0,0.008849395845447356,Low Risk
9496-IVVRP,Female,0,Yes,Yes,11,Yes,No,DSL,Yes,No,No,No,No,No,Month-to-month,No,Bank transfer (automatic),51.0,581.7,0,0,0-12 Months,Medium,Medium Risk,0-12 Months,0,0.16562978505633044,Low Risk
5016-LIPDW,Male,0,Yes,Yes,57,Yes,No,No,No internet service,No internet service,No internet service,No internet service,No internet service,No internet service,One year,No,Mailed check,19.4,1061.6,0,0,49+ Months,Low,Low Risk,49+ Months,0,0.011279449975540454,Low Risk
8204-TIFGJ,Female,0,No,No,23,Yes,No,No,No internet service,No internet service,No internet service,No internet service,No internet service,No internet service,Month-to-month,Yes,Bank transfer (automatic),20.3,470.6,0,0,13-24 Months,Low,Medium Risk,13-24 Months,0,0.07497357823089812,Low Risk
7684-XSZIY,Male,0,Yes,Yes,72,Yes,Yes,No,No internet service,No internet service,No internet service,No internet service,No internet service,No internet service,Two year,No,Bank transfer (automatic),24.3,1643.25,0,0,49+ Months,Low,Low Risk,49+ Months,0,0.0036009725329004313,Low Risk
0440-QEXBZ,Female,0,No,No,44,Yes,Yes,DSL,No,No,No,No,No,No,Month-to-month,Yes,Mailed check,50.15,2139.1,0,0,25-48 Months,Medium,Medium Risk,25-48 Months,0,0.13416872181936107,Low Risk
6285-FTQBF,Male,0,Yes,Yes,72,Yes,Yes,No,No internet service,No internet service,No internet service,No internet service,No internet service,No internet service,Two year,No,Credit card (automatic),25.55,1867.7,0,0,49+ Months,Low,Low Risk,49+ Months,0,0.0038547247014997944,Low Risk
3707-GNWHM,Male,0,No,No,1,Yes,Yes,Fiber optic,No,No,No,No,No,No,Month-to-month,Yes,Mailed check,74.25,74.25,1,0,0-12 Months,High,High Risk,0-12 Months,1,0.7371813840797076,High Risk
0019-GFNTW,Female,0,No,No,56,No,No phone service,DSL,Yes,Yes,Yes,Yes,No,No,Two year,No,Bank transfer (automatic),45.05,2560.1,0,0,49+ Months,Medium,Low Risk,49+ Months,0,0.014211913805319987,Low Risk
8988-ECPJR,Female,1,Yes,Yes,34,Yes,Yes,Fiber optic,No,Yes,No,No,No,No,Month-to-month,Yes,Mailed check,79.6,2718.3,1,0,25-48 Months,High,Medium Risk,25-48 Months,0,0.3475890646748751,Low Risk
9397-TZSHA,Female,0,No,No,69,Yes,Yes,No,No internet service,No internet service,No internet service,No internet service,No internet service,No internet service,Two year,No,Credit card (automatic),24.6,1678.05,0,0,49+ Months,Low,Low Risk,49+ Months,0,0.005732820007344014,Low Risk
1989-PRJHP,Male,1,Yes,No,27,Yes,Yes,Fiber optic,No,No,No,No,No,No,Month-to-month,Yes,Electronic check,75.5,1893.95,1,0,25-48 Months,High,Medium Risk,25-48 Months,1,0.5646263070825877,Medium Risk
3587-PMCOY,Male,0,No,No,10,Yes,No,Fiber optic,Yes,No,Yes,No,Yes,Yes,One year,Yes,Electronic check,98.9,1064.95,0,0,0-12 Months,High,Medium Risk,0-12 Months,0,0.34043247746370464,Low Risk
8292-FRFZQ,Female,0,No,No,39,No,No phone service,DSL,Yes,Yes,No,Yes,No,No,One year,No,Bank transfer (automatic),41.15,1700.9,0,0,25-48 Months,Medium,Low Risk,25-48 Months,0,0.03226049770363106,Low Risk
1775-KWJKQ,Male,0,Yes,Yes,72,Yes,Yes,DSL,Yes,Yes,Yes,Yes,Yes,Yes,Two year,No,Credit card (automatic),89.85,6562.9,0,0,49+ Months,High,Low Risk,49+ Months,0,0.01069505668401747,Low Risk
6137-MFAJN,Female,0,No,No,48,No,No phone service,DSL,Yes,Yes,No,No,Yes,No,Month-to-month,Yes,Electronic check,44.8,2104.55,0,0,25-48 Months,Medium,Medium Risk,25-48 Months,0,0.14540552042631388,Low Risk
1395-WSWXR,Male,0,No,No,24,Yes,No,No,No internet service,No internet service,No internet service,No internet service,No internet service,No internet service,Two year,No,Mailed check,20.75,487.05,0,0,13-24 Months,Low,Low Risk,13-24 Months,0,0.013926754598796257,Low Risk
9046-JBFWA,Male,0,No,Yes,27,Yes,No,No,No internet service,No internet service,No internet service,No internet service,No internet service,No internet service,Month-to-month,No,Mailed check,19.15,537.35,0,0,25-48 Months,Low,Medium Risk,25-48 Months,0,0.05347317067411279,Low Risk
9871-ELEYA,Female,0,No,Yes,34,Yes,No,DSL,Yes,No,Yes,Yes,Yes,No,Two year,No,Credit card (automatic),67.65,2339.3,0,0,25-48 Months,Medium,Low Risk,25-48 Months,0,0.017402270409095352,Low Risk
6712-OAWRH,Female,1,No,No,26,Yes,No,Fiber optic,No,No,No,No,Yes,Yes,Month-to-month,Yes,Electronic check,91.25,2351.8,1,0,25-48 Months,High,Medium Risk,25-48 Months,1,0.6336128337525571,Medium Risk
2361-UPSND,Female,0,Yes,No,46,Yes,No,DSL,Yes,Yes,No,Yes,No,Yes,One year,No,Mailed check,70.6,3231.05,0,0,25-48 Months,High,Low Risk,25-48 Months,0,0.01873108303931679,Low Risk
4817-KEQSP,Female,0,Yes,Yes,71,Yes,No,No,No internet service,No internet service,No internet service,No internet service,No internet service,No internet service,Two year,No,Bank transfer (automatic),19.85,1326.35,0,0,49+ Months,Low,Low Risk,49+ Months,0,0.0025577930546168267,Low Risk
2842-BCQGE,Male,0,No,No,43,Yes,Yes,Fiber optic,No,No,No,No,No,No,Month-to-month,Yes,Credit card (automatic),75.35,3161.4,0,0,25-48 Months,High,Medium Risk,25-48 Months,0,0.29143598367894685,Low Risk
4190-MFLUW,Female,0,Yes,Yes,10,Yes,No,DSL,No,No,Yes,Yes,No,No,Month-to-month,No,Credit card (automatic),55.2,528.35,1,0,0-12 Months,Medium,Medium Risk,0-12 Months,0,0.19997105939590315,Low Risk
1640-PLFMP,Female,0,No,No,1,Yes,No,Fiber optic,No,No,No,No,No,No,Month-to-month,Yes,Electronic check,70.25,70.25,0,0,0-12 Months,High,High Risk,0-12 Months,1,0.7248759704042061,High Risk
6635-CPNUN,Male,0,Yes,No,28,Yes,Yes,Fiber optic,No,Yes,Yes,No,Yes,No,Month-to-month,No,Credit card (automatic),96.6,2684.35,0,0,25-48 Months,High,Medium Risk,25-48 Months,0,0.4064705664675481,Medium Risk
6620-HVDUJ,Male,0,No,No,24,Yes,No,DSL,Yes,Yes,No,Yes,No,No,Month-to-month,No,Bank transfer (automatic),60.45,1440.75,0,0,13-24 Months,Medium,Medium Risk,13-24 Months,0,0.05134978320218326,Low Risk
4706-AXVKM,Female,1,No,No,11,Yes,Yes,Fiber optic,No,No,No,No,No,Yes,Month-to-month,Yes,Credit card (automatic),84.8,906.85,1,0,0-12 Months,High,High Risk,0-12 Months,1,0.7476331367128458,High Risk
5495-GPSRW,Male,0,No,No,20,Yes,No,No,No internet service,No internet service,No internet service,No internet service,No internet service,No internet service,Two year,Yes,Mailed check,19.7,419.4,0,0,13-24 Months,Low,Low Risk,13-24 Months,0,0.023007362657683945,Low Risk
6847-KJLTS,Female,1,Yes,No,58,Yes,Yes,Fiber optic,No,No,No,Yes,Yes,Yes,Month-to-month,Yes,Bank transfer (automatic),100.4,5749.8,0,0,49+ Months,High,Medium Risk,49+ Months,0,0.4034747809128938,Medium Risk
1023-BQXZE,Male,0,No,No,57,Yes,No,DSL,Yes,No,Yes,No,Yes,Yes,Two year,Yes,Bank transfer (automatic),74.35,4317.35,0,0,49+ Months,High,Low Risk,49+ Months,0,0.031196896698497956,Low Risk
4806-DXQCE,Female,1,Yes,No,70,Yes,Yes,Fiber optic,Yes,Yes,Yes,Yes,Yes,Yes,Two year,Yes,Electronic check,113.65,7714.65,0,0,49+ Months,High,Low Risk,49+ Months,0,0.09017856684206368,Low Risk
5360-XGYAZ,Male,0,Yes,Yes,72,No,No phone service,DSL,Yes,Yes,Yes,Yes,Yes,Yes,Two year,Yes,Bank transfer (automatic),65.65,4664.5,0,0,49+ Months,Medium,Low Risk,49+ Months,0,0.014456284974486073,Low Risk
8631-WUXGY,Female,0,No,Yes,46,Yes,No,Fiber optic,No,Yes,Yes,No,Yes,Yes,Month-to-month,Yes,Electronic check,99.8,4391.25,0,0,25-48 Months,High,Medium Risk,25-48 Months,0,0.3283504499920152,Low Risk
3780-YVMFA,Female,0,Yes,Yes,8,Yes,No,DSL,No,No,No,Yes,Yes,Yes,Month-to-month,Yes,Electronic check,68.55,564.35,0,0,0-12 Months,Medium,Medium Risk,0-12 Months,0,0.45744946421611943,Medium Risk
7971-HLVXI,Male,0,Yes,Yes,72,Yes,Yes,Fiber optic,No,No,No,No,No,Yes,Two year,Yes,Credit card (automatic),84.5,6130.85,0,0,49+ Months,High,Low Risk,49+ Months,0,0.058441028481947786,Low Risk
9842-EFSYY,Female,0,No,Yes,4,No,No phone service,DSL,Yes,Yes,Yes,No,Yes,Yes,Month-to-month,Yes,Mailed check,57.2,223.75,0,0,0-12 Months,Medium,Medium Risk,0-12 Months,1,0.5558381331770037,Medium Risk
0277-BKSQP,Male,0,Yes,Yes,8,Yes,No,DSL,No,No,No,No,Yes,No,Month-to-month,Yes,Electronic check,54.4,475.1,0,0,0-12 Months,Medium,Medium Risk,0-12 Months,0,0.472155655047568,Medium Risk
9154-QDGTH,Male,0,Yes,Yes,43,Yes,Yes,Fiber optic,No,No,Yes,Yes,Yes,Yes,One year,Yes,Credit card (automatic),104.3,4451.85,0,0,25-48 Months,High,Low Risk,25-48 Months,0,0.19804673450796692,Low Risk
1208-NBVFH,Male,0,Yes,Yes,20,Yes,No,DSL,No,No,Yes,No,No,No,Month-to-month,Yes,Electronic check,49.6,939.8,0,0,13-24 Months,Medium,Medium Risk,13-24 Months,0,0.21284317767550173,Low Risk
0866-QLSIR,Female,0,No,No,34,Yes,Yes,DSL,Yes,Yes,No,Yes,No,No,One year,Yes,Mailed check,64.4,2088.75,1,0,25-48 Months,Medium,Low Risk,25-48 Months,0,0.04742351041392061,Low Risk
9667-TKTVZ,Female,0,No,No,2,Yes,Yes,DSL,No,No,No,Yes,No,No,Month-to-month,Yes,Mailed check,54.35,117.05,0,0,0-12 Months,Medium,Medium Risk,0-12 Months,0,0.45647309617207843,Medium Risk
0611-DFXKO,Male,0,Yes,No,20,Yes,No,Fiber optic,No,No,No,No,Yes,Yes,Month-to-month,Yes,Mailed check,89.0,1820.45,1,0,13-24 Months,High,Medium Risk,13-24 Months,1,0.5088090295062975,Medium Risk
8040-MNRTF,Female,0,No,No,1,Yes,No,Fiber optic,No,No,No,No,No,No,Month-to-month,No,Mailed check,71.1,71.1,0,0,0-12 Months,High,High Risk,0-12 Months,1,0.5891449168892359,Medium Risk
8107-KNCIM,Male,1,Yes,No,14,Yes,Yes,Fiber optic,No,No,No,No,No,No,Month-to-month,Yes,Electronic check,75.1,1013.35,0,0,13-24 Months,High,Medium Risk,13-24 Months,1,0.635977050821219,Medium Risk
8938-UMKPI,Female,0,No,No,47,Yes,Yes,Fiber optic,No,Yes,Yes,No,Yes,Yes,Month-to-month,Yes,Electronic check,106.4,5127.95,1,0,25-48 Months,High,Medium Risk,25-48 Months,0,0.46814925446811445,Medium Risk
0670-KDOMA,Female,0,No,No,1,Yes,No,No,No internet service,No internet service,No internet service,No internet service,No internet service,No internet service,Month-to-month,Yes,Mailed check,20.25,20.25,0,0,0-12 Months,Low,Medium Risk,0-12 Months,0,0.27831736680399377,Low Risk
0428-IKYCP,Male,0,Yes,No,22,Yes,No,Fiber optic,No,No,Yes,No,Yes,No,Month-to-month,Yes,Bank transfer (automatic),87.0,1850.65,0,0,13-24 Months,High,Medium Risk,13-24 Months,0,0.3993697259686635,Low Risk
0506-YLVKJ,Male,0,Yes,Yes,46,Yes,No,No,No internet service,No internet service,No internet service,No internet service,No internet service,No internet service,Two year,Yes,Mailed check,20.2,917.45,0,0,25-48 Months,Low,Low Risk,25-48 Months,0,0.006735907693454528,Low Risk
3133-PZNSR,Male,0,Yes,Yes,72,Yes,Yes,Fiber optic,Yes,Yes,No,Yes,No,Yes,Two year,Yes,Credit card (automatic),97.75,6991.6,0,0,49+ Months,High,Low Risk,49+ Months,0,0.02726751481516188,Low Risk
2335-GSODA,Male,0,No,Yes,23,No,No phone service,DSL,Yes,No,Yes,Yes,No,No,Two year,No,Mailed check,40.1,857.75,0,0,13-24 Months,Medium,Low Risk,13-24 Months,0,0.026604493186308368,Low Risk
0970-ETWGE,Male,0,No,No,1,Yes,No,Fiber optic,No,No,No,No,Yes,Yes,Month-to-month,Yes,Electronic check,89.55,89.55,1,0,0-12 Months,High,High Risk,0-12 Months,1,0.8140223611164312,High Risk
9576-SYUHJ,Male,0,No,No,37,Yes,Yes,Fiber optic,Yes,No,No,No,Yes,No,Month-to-month,Yes,Electronic check,91.15,3369.25,0,0,25-48 Months,High,Medium Risk,25-48 Months,0,0.40206268921226185,Medium Risk
7606-BPHHN,Male,0,No,No,72,Yes,No,No,No internet service,No internet service,No internet service,No internet service,No internet service,No internet service,Two year,Yes,Credit card (automatic),19.8,1468.75,0,0,49+ Months,Low,Low Risk,49+ Months,0,0.004290753372808524,Low Risk
3108-PCCGG,Male,1,Yes,No,72,Yes,Yes,DSL,Yes,Yes,Yes,No,Yes,Yes,Two year,No,Credit card (automatic),84.45,5899.85,0,0,49+ Months,High,Low Risk,49+ Months,0,0.021189131428823685,Low Risk
6022-UGGSO,Female,1,No,No,32,Yes,No,Fiber optic,No,Yes,No,No,No,No,Month-to-month,Yes,Electronic check,74.4,2276.95,1,0,25-48 Months,High,Medium Risk,25-48 Months,0,0.3943066012269356,Low Risk
3506-OVLKD,Male,0,No,No,35,Yes,Yes,No,No internet service,No internet service,No internet service,No internet service,No internet service,No internet service,One year,No,Bank transfer (automatic),26.2,954.9,0,0,25-48 Months,Low,Low Risk,25-48 Months,0,0.029817776597000602,Low Risk
7473-ZBDSN,Female,0,Yes,Yes,14,Yes,No,No,No internet service,No internet service,No internet service,No internet service,No internet service,No internet service,Two year,No,Mailed check,18.8,255.55,0,0,13-24 Months,Low,Low Risk,13-24 Months,0,0.019397336267594892,Low Risk
6766-HFKLA,Female,0,Yes,No,56,Yes,Yes,Fiber optic,No,No,Yes,Yes,Yes,Yes,Two year,No,Bank transfer (automatic),103.2,5744.35,0,0,49+ Months,High,Low Risk,49+ Months,0,0.10578619301664591,Low Risk
9139-WQQDY,Female,0,Yes,Yes,49,Yes,Yes,Fiber optic,No,Yes,No,No,Yes,Yes,One year,No,Mailed check,100.45,4941.8,1,0,49+ Months,High,Low Risk,49+ Months,0,0.2311001887000439,Low Risk
4846-WHAFZ,Female,1,Yes,No,37,Yes,Yes,Fiber optic,No,No,No,No,No,No,Month-to-month,Yes,Electronic check,76.5,2868.15,1,0,25-48 Months,High,Medium Risk,25-48 Months,0,0.47171371094093706,Medium Risk
8896-BQTTI,Male,0,No,No,1,Yes,Yes,No,No internet service,No internet service,No internet service,No internet service,No internet service,No internet service,Month-to-month,Yes,Mailed check,25.0,25.0,0,0,0-12 Months,Low,Medium Risk,0-12 Months,0,0.35206022167016116,Low Risk
3727-RJMEO,Male,0,Yes,No,6,Yes,Yes,Fiber optic,No,No,No,No,Yes,No,Month-to-month,Yes,Electronic check,82.85,460.25,1,0,0-12 Months,High,High Risk,0-12 Months,1,0.80640291312451,High Risk
3889-VWBID,Male,0,Yes,Yes,68,Yes,No,DSL,Yes,Yes,No,Yes,Yes,Yes,Two year,No,Bank transfer (automatic),82.85,5776.45,0,0,49+ Months,High,Low Risk,49+ Months,0,0.006798260501484905,Low Risk
7688-AWMDX,Male,0,Yes,No,71,Yes,No,DSL,Yes,No,No,Yes,No,No,Two year,No,Bank transfer (automatic),54.5,3778.2,0,0,49+ Months,Medium,Low Risk,49+ Months,0,0.004459208738126596,Low Risk
6752-APNJL,Male,0,Yes,Yes,42,Yes,No,DSL,Yes,Yes,No,No,No,No,Month-to-month,No,Mailed check,54.5,2301.15,0,0,25-48 Months,Medium,Medium Risk,25-48 Months,0,0.03828424475223097,Low Risk
1270-XKUCC,Female,0,Yes,Yes,30,Yes,No,No,No internet service,No internet service,No internet service,No internet service,No internet service,No internet service,Two year,No,Mailed check,19.7,599.25,0,0,25-48 Months,Low,Low Risk,25-48 Months,0,0.011382940472945973,Low Risk
1024-GUALD,Female,0,Yes,No,1,No,No phone service,DSL,No,No,No,No,No,No,Month-to-month,Yes,Electronic check,24.8,24.8,1,0,0-12 Months,Low,Medium Risk,0-12 Months,1,0.6365772507283517,Medium Risk
6997-UVGOX,Male,0,Yes,Yes,71,Yes,No,DSL,Yes,Yes,Yes,Yes,Yes,Yes,Two year,No,Bank transfer (automatic),85.45,6029.9,0,0,49+ Months,High,Low Risk,49+ Months,0,0.006713650630659967,Low Risk
4317-VTEOA,Male,0,No,No,1,Yes,No,DSL,No,Yes,No,No,No,No,Month-to-month,Yes,Electronic check,50.75,50.75,1,0,0-12 Months,Medium,Medium Risk,0-12 Months,0,0.4783269676022117,Medium Risk
2725-TTRIQ,Female,0,Yes,Yes,72,Yes,Yes,DSL,Yes,No,Yes,Yes,Yes,Yes,Two year,Yes,Bank transfer (automatic),84.2,5986.55,0,0,49+ Months,High,Low Risk,49+ Months,0,0.015424218985024005,Low Risk
0307-BCOPK,Female,0,No,No,16,Yes,No,No,No internet service,No internet service,No internet service,No internet service,No internet service,No internet service,One year,No,Mailed check,19.05,326.65,0,0,13-24 Months,Low,Low Risk,13-24 Months,0,0.04503690249100953,Low Risk
6372-RFVNS,Female,0,Yes,No,1,Yes,No,Fiber optic,No,No,No,No,Yes,No,Month-to-month,No,Electronic check,78.8,78.8,1,0,0-12 Months,High,High Risk,0-12 Months,1,0.7274144085975517,High Risk
4749-OJKQU,Female,0,No,No,4,Yes,Yes,Fiber optic,No,No,No,No,No,No,Month-to-month,Yes,Electronic check,75.65,302.35,0,0,0-12 Months,High,High Risk,0-12 Months,1,0.7687266820255614,High Risk
5575-TPIZQ,Male,0,No,No,46,Yes,Yes,Fiber optic,Yes,No,No,No,Yes,No,Month-to-month,Yes,Credit card (automatic),89.15,4245.55,0,0,25-48 Months,High,Medium Risk,25-48 Months,0,0.2695964352861149,Low Risk
7706-DZNKK,Male,0,No,No,11,Yes,No,No,No internet service,No internet service,No internet service,No internet service,No internet service,No internet service,Month-to-month,Yes,Credit card (automatic),20.45,237.3,0,0,0-12 Months,Low,Medium Risk,0-12 Months,0,0.1852918591684453,Low Risk
8092-NLTGF,Male,0,No,No,72,Yes,Yes,No,No internet service,No internet service,No internet service,No internet service,No internet service,No internet service,Two year,No,Bank transfer (automatic),24.75,1777.6,0,0,49+ Months,Low,Low Risk,49+ Months,0,0.004521571484357648,Low Risk
6295-OSINB,Male,0,Yes,No,72,Yes,Yes,Fiber optic,Yes,Yes,Yes,No,Yes,Yes,Two year,Yes,Electronic check,109.65,7880.25,0,0,49+ Months,High,Low Risk,49+ Months,0,0.09182001029386791,Low Risk
1956-YIFGE,Male,0,Yes,Yes,22,Yes,No,Fiber optic,No,Yes,Yes,No,Yes,Yes,One year,Yes,Mailed check,100.05,2090.25,0,0,13-24 Months,High,Low Risk,13-24 Months,0,0.24844072546751367,Low Risk
6463-MVYRY,Female,1,No,No,57,Yes,No,DSL,Yes,No,Yes,Yes,Yes,No,Two year,No,Bank transfer (automatic),69.85,4003.0,0,0,49+ Months,Medium,Low Risk,49+ Months,0,0.016385770908697566,Low Risk
4695-VADHF,Male,0,Yes,Yes,18,Yes,No,DSL,No,No,Yes,No,No,Yes,Month-to-month,No,Electronic check,57.45,990.85,1,0,13-24 Months,Medium,Medium Risk,13-24 Months,0,0.2324813882843618,Low Risk
5630-IXDXV,Female,0,No,No,47,Yes,Yes,Fiber optic,No,Yes,Yes,No,Yes,Yes,Month-to-month,Yes,Electronic check,106.35,4849.1,0,0,25-48 Months,High,Medium Risk,25-48 Months,0,0.45858282282299806,Medium Risk
0813-TAXXS,Male,0,No,No,55,Yes,Yes,DSL,No,No,Yes,No,Yes,Yes,Two year,Yes,Bank transfer (automatic),77.8,4323.35,0,0,49+ Months,High,Low Risk,49+ Months,0,0.06662103593358513,Low Risk
4445-ZJNMU,Male,0,No,No,9,Yes,Yes,Fiber optic,No,Yes,No,No,Yes,Yes,Month-to-month,Yes,Credit card (automatic),99.3,918.75,0,0,0-12 Months,High,High Risk,0-12 Months,1,0.7417005443973682,High Risk
5356-KZCKT,Male,0,No,No,58,Yes,Yes,No,No internet service,No internet service,No internet service,No internet service,No internet service,No internet service,Two year,Yes,Credit card (automatic),24.45,1513.6,0,0,49+ Months,Low,Low Risk,49+ Months,0,0.012774929764047769,Low Risk
4644-PIZRT,Male,0,Yes,Yes,17,Yes,Yes,DSL,Yes,No,Yes,No,Yes,No,One year,Yes,Bank transfer (automatic),70.35,1201.65,0,0,13-24 Months,High,Low Risk,13-24 Months,0,0.11534112576938717,Low Risk
8181-YHCMF,Female,0,Yes,Yes,68,No,No phone service,DSL,No,Yes,Yes,Yes,Yes,Yes,Two year,No,Credit card (automatic),60.3,4109.0,0,0,49+ Months,Medium,Low Risk,49+ Months,0,0.020466624525823752,Low Risk
0742-MOABM,Male,0,Yes,No,4,Yes,No,DSL,No,No,No,Yes,No,No,Month-to-month,No,Mailed check,50.05,179.35,1,0,0-12 Months,Medium,Medium Risk,0-12 Months,0,0.27360769555525466,Low Risk
6362-QHAFM,Male,0,Yes,No,42,Yes,Yes,Fiber optic,No,No,Yes,Yes,Yes,Yes,One year,Yes,Electronic check,108.3,4586.15,0,0,25-48 Months,High,Low Risk,25-48 Months,0,0.2879031157409335,Low Risk
3161-ONRWK,Male,0,Yes,Yes,60,Yes,No,DSL,Yes,Yes,Yes,Yes,No,No,One year,Yes,Bank transfer (automatic),65.85,3928.3,0,0,49+ Months,Medium,Low Risk,49+ Months,0,0.015256132751700369,Low Risk
0952-KMEEH,Male,0,No,No,13,Yes,Yes,Fiber optic,Yes,No,No,No,Yes,Yes,Month-to-month,No,Mailed check,98.15,1230.25,1,0,13-24 Months,High,Medium Risk,13-24 Months,1,0.5010641860378702,Medium Risk
6047-SUHPR,Male,0,Yes,Yes,39,Yes,No,DSL,Yes,Yes,Yes,No,No,No,One year,No,Electronic check,59.8,2343.85,0,0,25-48 Months,Medium,Low Risk,25-48 Months,0,0.03148421524985933,Low Risk
4412-YLTKF,Female,1,No,No,27,Yes,Yes,Fiber optic,No,No,Yes,No,No,No,Month-to-month,Yes,Electronic check,78.05,2135.5,1,0,25-48 Months,High,Medium Risk,25-48 Months,1,0.6080622116386757,Medium Risk
1227-UDMZR,Female,0,Yes,No,72,Yes,Yes,DSL,Yes,Yes,Yes,Yes,Yes,Yes,Two year,Yes,Bank transfer (automatic),91.15,6637.9,0,0,49+ Months,High,Low Risk,49+ Months,0,0.0164906113274789,Low Risk
1223-UNPKS,Male,0,Yes,Yes,20,Yes,No,No,No internet service,No internet service,No internet service,No internet service,No internet service,No internet service,Two year,No,Mailed check,20.05,400.0,0,0,13-24 Months,Low,Low Risk,13-24 Months,0,0.013793868642975902,Low Risk
7762-ONLJY,Female,0,Yes,Yes,6,Yes,No,No,No internet service,No internet service,No internet service,No internet service,No internet service,No internet service,One year,No,Mailed check,19.7,94.45,0,0,0-12 Months,Low,Medium Risk,0-12 Months,0,0.04083270183693422,Low Risk
0430-IHCDJ,Male,0,No,No,15,Yes,Yes,DSL,No,No,No,No,No,No,Month-to-month,Yes,Electronic check,49.0,749.25,0,0,13-24 Months,Medium,Medium Risk,13-24 Months,0,0.3714934560899611,Low Risk
4967-WPNCF,Male,0,No,No,72,No,No phone service,DSL,Yes,Yes,Yes,Yes,Yes,Yes,Two year,Yes,Bank transfer (automatic),63.7,4464.8,0,0,49+ Months,Medium,Low Risk,49+ Months,0,0.01830139389277108,Low Risk
3021-VLNRJ,Female,0,No,Yes,50,Yes,No,DSL,Yes,No,Yes,Yes,Yes,No,One year,Yes,Credit card (automatic),70.8,3478.15,0,0,49+ Months,High,Low Risk,49+ Months,0,0.03922831136854495,Low Risk
9103-TCIHJ,Female,0,No,No,15,Yes,Yes,DSL,Yes,No,No,No,No,No,Month-to-month,Yes,Mailed check,55.7,899.8,1,0,13-24 Months,Medium,Medium Risk,13-24 Months,0,0.22621496637253258,Low Risk
0835-JKADZ,Female,0,No,No,71,Yes,Yes,Fiber optic,No,Yes,Yes,Yes,Yes,Yes,Two year,Yes,Electronic check,111.25,7984.15,0,0,49+ Months,High,Low Risk,49+ Months,0,0.10212883620752325,Low Risk
2346-DJQTB,Female,0,No,No,35,No,No phone service,DSL,No,No,No,No,No,No,Month-to-month,No,Electronic check,24.15,812.5,0,0,25-48 Months,Low,Medium Risk,25-48 Months,0,0.18291554901685406,Low Risk
3301-LSLWQ,Female,0,No,No,29,Yes,Yes,DSL,Yes,No,No,No,No,Yes,Month-to-month,Yes,Electronic check,66.1,1912.15,0,0,25-48 Months,Medium,Medium Risk,25-48 Months,0,0.2645915054178232,Low Risk
5970-GHJAW,Male,0,Yes,Yes,46,Yes,No,No,No internet service,No internet service,No internet service,No internet service,No internet service,No internet service,Two year,No,Credit card (automatic),19.95,862.4,0,0,25-48 Months,Low,Low Risk,25-48 Months,0,0.004986929288989121,Low Risk
2834-JKOOW,Female,0,No,No,15,No,No phone service,DSL,Yes,Yes,Yes,Yes,No,No,One year,No,Mailed check,45.9,693.45,0,0,13-24 Months,Medium,Low Risk,13-24 Months,0,0.08070646047752239,Low Risk
2188-SXWVT,Female,0,No,No,34,Yes,No,DSL,Yes,Yes,No,No,No,No,One year,No,Mailed check,55.0,1885.15,0,0,25-48 Months,Medium,Low Risk,25-48 Months,0,0.03434034658087943,Low Risk
8421-WZOOW,Female,1,Yes,Yes,57,Yes,No,Fiber optic,No,Yes,Yes,Yes,Yes,No,Month-to-month,Yes,Credit card (automatic),95.3,5567.45,0,0,49+ Months,High,Medium Risk,49+ Months,0,0.22270933694499584,Low Risk
9968-FFVVH,Male,0,No,No,63,Yes,Yes,DSL,Yes,Yes,Yes,Yes,No,No,One year,No,Bank transfer (automatic),68.8,4111.35,0,0,49+ Months,Medium,Low Risk,49+ Months,0,0.018876383025538738,Low Risk
1391-UBDAR,Male,0,No,No,11,Yes,No,Fiber optic,No,No,Yes,No,No,No,Month-to-month,No,Electronic check,72.9,818.45,0,0,0-12 Months,High,High Risk,0-12 Months,1,0.586159195338759,Medium Risk
0134-XWXCE,Female,1,No,No,44,Yes,No,DSL,No,No,Yes,Yes,Yes,Yes,One year,No,Bank transfer (automatic),74.85,3268.05,0,0,25-48 Months,High,Low Risk,25-48 Months,0,0.05903261819806985,Low Risk
7296-PIXQY,Female,0,Yes,Yes,14,Yes,No,Fiber optic,No,No,No,No,No,No,Month-to-month,No,Electronic check,70.2,1046.5,0,0,13-24 Months,High,Medium Risk,13-24 Months,0,0.381319272904613,Low Risk
6047-YHPVI,Male,0,No,No,5,Yes,No,Fiber optic,No,No,No,No,No,No,Month-to-month,Yes,Electronic check,69.7,316.9,1,0,0-12 Months,Medium,Medium Risk,0-12 Months,1,0.6967568215843568,Medium Risk
0895-LMRSF,Male,0,No,No,23,Yes,No,DSL,No,No,No,No,Yes,Yes,One year,Yes,Bank transfer (automatic),64.9,1509.8,0,0,13-24 Months,Medium,Low Risk,13-24 Months,0,0.14451628100338582,Low Risk
0004-TLHLJ,Male,0,No,No,4,Yes,No,Fiber optic,No,No,Yes,No,No,No,Month-to-month,Yes,Electronic check,73.9,280.85,1,0,0-12 Months,High,High Risk,0-12 Months,1,0.7102913211154681,High Risk
2907-ILJBN,Female,0,Yes,Yes,11,Yes,No,No,No internet service,No internet service,No internet service,No internet service,No internet service,No internet service,One year,No,Mailed check,20.6,233.9,0,0,0-12 Months,Low,Medium Risk,0-12 Months,0,0.03179107199668898,Low Risk
7306-YDSOI,Male,0,Yes,Yes,69,Yes,No,DSL,Yes,Yes,Yes,No,No,No,Two year,Yes,Bank transfer (automatic),59.75,4069.9,0,0,49+ Months,Medium,Low Risk,49+ Months,0,0.006887131118506858,Low Risk
4475-NVTLU,Male,0,Yes,Yes,45,Yes,No,No,No internet service,No internet service,No internet service,No internet service,No internet service,No internet service,Two year,No,Electronic check,19.2,903.7,0,0,25-48 Months,Low,Low Risk,25-48 Months,0,0.007316879559926617,Low Risk
9710-ZUSHQ,Female,1,No,No,37,Yes,Yes,Fiber optic,Yes,Yes,No,No,Yes,Yes,Month-to-month,Yes,Bank transfer (automatic),106.75,4056.75,1,0,25-48 Months,High,Medium Risk,25-48 Months,0,0.40086160864740344,Medium Risk
6946-LMSQS,Male,1,Yes,No,25,Yes,Yes,Fiber optic,Yes,No,No,No,No,Yes,One year,Yes,Electronic check,89.05,2177.45,1,0,25-48 Months,High,Low Risk,25-48 Months,0,0.3927668837493033,Low Risk
8601-QACRS,Female,0,No,No,5,Yes,Yes,DSL,No,No,No,No,No,No,Month-to-month,Yes,Mailed check,50.6,249.95,1,0,0-12 Months,Medium,Medium Risk,0-12 Months,1,0.5048240142645544,Medium Risk
4231-LZUYM,Female,0,Yes,No,72,Yes,Yes,No,No internet service,No internet service,No internet service,No internet service,No internet service,No internet service,Two year,No,Bank transfer (automatic),25.65,1887.0,0,0,49+ Months,Low,Low Risk,49+ Months,0,0.004570940359622803,Low Risk
8380-PEFPE,Male,0,No,Yes,1,Yes,No,Fiber optic,No,No,No,No,No,No,Month-to-month,Yes,Electronic check,71.65,71.65,1,0,0-12 Months,High,High Risk,0-12 Months,1,0.6674982346872076,Medium Risk
2867-UIMSS,Male,0,No,No,1,Yes,No,Fiber optic,No,No,No,No,No,Yes,Month-to-month,No,Electronic check,80.5,80.5,1,0,0-12 Months,High,High Risk,0-12 Months,1,0.7083077866262366,High Risk
9814-AOUDH,Male,0,No,No,53,Yes,No,No,No internet service,No internet service,No internet service,No internet service,No internet service,No internet service,Two year,No,Credit card (automatic),19.5,1050.5,0,0,49+ Months,Low,Low Risk,49+ Months,0,0.008083229553100705,Low Risk
4032-RMHCI,Female,0,Yes,Yes,41,No,No phone service,DSL,Yes,No,Yes,No,No,No,One year,No,Credit card (automatic),35.4,1412.4,0,0,25-48 Months,Medium,Low Risk,25-48 Months,0,0.04369286643028542,Low Risk
1452-KIOVK,Male,0,No,Yes,22,Yes,Yes,Fiber optic,No,Yes,No,No,Yes,No,Month-to-month,Yes,Credit card (automatic),89.1,1949.4,0,0,13-24 Months,High,Medium Risk,13-24 Months,0,0.4189929161847865,Medium Risk
4365-MSDYN,Male,0,Yes,No,8,Yes,No,No,No internet service,No internet service,No internet service,No internet service,No internet service,No internet service,Month-to-month,Yes,Bank transfer (automatic),19.55,161.15,0,0,0-12 Months,Low,Medium Risk,0-12 Months,0,0.19902299956099087,Low Risk
0383-CLDDA,Female,0,No,No,69,Yes,Yes,DSL,Yes,No,Yes,Yes,Yes,Yes,Two year,Yes,Credit card (automatic),85.35,5897.4,0,0,49+ Months,High,Low Risk,49+ Months,0,0.022862091986212377,Low Risk
1293-HHSHJ,Female,0,No,No,35,Yes,No,No,No internet service,No internet service,No internet service,No internet service,No internet service,No internet service,One year,No,Mailed check,21.1,741.0,0,0,25-48 Months,Low,Low Risk,25-48 Months,0,0.022578063939960397,Low Risk
9822-OAOVB,Female,0,No,No,1,Yes,No,DSL,No,No,No,No,No,Yes,Month-to-month,Yes,Electronic check,55.45,55.45,0,0,0-12 Months,Medium,Medium Risk,0-12 Months,1,0.5929025383525907,Medium Risk
7249-WBIYX,Male,0,Yes,No,10,Yes,Yes,Fiber optic,No,No,No,No,Yes,No,Month-to-month,Yes,Electronic check,85.6,813.85,1,0,0-12 Months,High,High Risk,0-12 Months,1,0.7692070512833438,High Risk
6652-YFFJO,Female,0,No,No,11,Yes,No,DSL,No,No,No,No,Yes,Yes,Month-to-month,Yes,Electronic check,64.9,716.1,0,0,0-12 Months,Medium,Medium Risk,0-12 Months,1,0.5606828591739061,Medium Risk
9128-CPXKI,Female,0,No,No,59,Yes,No,Fiber optic,No,No,Yes,No,Yes,Yes,Two year,No,Electronic check,95.8,5655.45,0,0,49+ Months,High,Low Risk,49+ Months,0,0.12113520262093867,Low Risk
5127-BZENZ,Female,0,Yes,Yes,56,Yes,Yes,DSL,Yes,No,No,No,Yes,No,One year,No,Bank transfer (automatic),65.2,3512.15,0,0,49+ Months,Medium,Low Risk,49+ Months,0,0.04200683051418261,Low Risk
5924-SNGKP,Female,0,No,Yes,41,Yes,No,No,No internet service,No internet service,No internet service,No internet service,No internet service,No internet service,One year,Yes,Credit card (automatic),20.25,865.0,0,0,25-48 Months,Low,Low Risk,25-48 Months,0,0.01850470069388932,Low Risk
2919-HBCJO,Female,0,No,No,4,Yes,No,Fiber optic,No,Yes,No,No,No,No,Month-to-month,Yes,Bank transfer (automatic),76.65,333.6,1,0,0-12 Months,High,High Risk,0-12 Months,1,0.5629694161450893,Medium Risk
5622-UEJFI,Female,0,Yes,Yes,35,Yes,Yes,No,No internet service,No internet service,No internet service,No internet service,No internet service,No internet service,Two year,Yes,Credit card (automatic),25.4,949.8,0,0,25-48 Months,Low,Low Risk,25-48 Months,0,0.017164088431633077,Low Risk
2000-MPKCA,Female,0,No,No,58,Yes,Yes,Fiber optic,Yes,Yes,Yes,No,Yes,Yes,One year,Yes,Electronic check,107.75,6332.75,0,0,49+ Months,High,Low Risk,49+ Months,0,0.2770318446854335,Low Risk
4830-FAXFM,Male,0,No,Yes,19,Yes,Yes,No,No internet service,No internet service,No internet service,No internet service,No internet service,No internet service,Month-to-month,Yes,Credit card (automatic),24.1,439.2,0,0,13-24 Months,Low,Medium Risk,13-24 Months,0,0.11016916698215551,Low Risk
7629-WFGLW,Female,1,Yes,No,56,Yes,Yes,Fiber optic,Yes,Yes,Yes,Yes,No,No,One year,No,Electronic check,95.65,5471.75,0,0,49+ Months,High,Low Risk,49+ Months,0,0.11755744043280296,Low Risk
6259-WJQLC,Male,1,No,No,32,Yes,Yes,Fiber optic,No,No,Yes,No,No,No,Month-to-month,Yes,Credit card (automatic),81.1,2619.25,0,0,25-48 Months,High,Medium Risk,25-48 Months,0,0.45967434554256076,Medium Risk
4854-CIDCF,Female,1,No,No,3,Yes,No,Fiber optic,No,No,Yes,No,No,No,Month-to-month,No,Electronic check,73.85,196.4,0,0,0-12 Months,High,High Risk,0-12 Months,1,0.7077736171666847,High Risk
2074-GUHPQ,Female,0,No,Yes,17,Yes,Yes,Fiber optic,No,Yes,Yes,Yes,No,No,Month-to-month,Yes,Credit card (automatic),92.7,1556.85,0,0,13-24 Months,High,Medium Risk,13-24 Months,0,0.3155691617499241,Low Risk
7579-OOPEC,Female,1,Yes,No,2,Yes,No,DSL,No,Yes,No,No,No,No,Month-to-month,No,Credit card (automatic),50.15,115.1,1,0,0-12 Months,Medium,Medium Risk,0-12 Months,0,0.3804829273894696,Low Risk
8714-EUHJO,Female,0,Yes,Yes,31,Yes,Yes,Fiber optic,No,Yes,No,No,No,Yes,Month-to-month,Yes,Electronic check,91.15,2995.45,1,0,25-48 Months,High,Medium Risk,25-48 Months,0,0.4640555642494529,Medium Risk
1707-HABPF,Female,1,No,No,46,Yes,No,Fiber optic,No,Yes,Yes,No,Yes,No,One year,Yes,Bank transfer (automatic),91.3,4126.35,0,0,25-48 Months,High,Low Risk,25-48 Months,0,0.15586732785981872,Low Risk
2860-RANUS,Female,1,No,No,20,Yes,Yes,Fiber optic,No,No,No,No,No,Yes,Month-to-month,Yes,Credit card (automatic),85.8,1727.5,1,0,13-24 Months,High,Medium Risk,13-24 Months,1,0.5747130023133914,Medium Risk
5150-ITWWB,Male,1,No,No,3,Yes,Yes,Fiber optic,No,No,No,No,Yes,Yes,Month-to-month,Yes,Electronic check,94.85,335.75,0,0,0-12 Months,High,High Risk,0-12 Months,1,0.8779732704321889,High Risk
4690-LLKUA,Male,1,No,No,17,Yes,No,DSL,No,No,No,No,No,No,Month-to-month,Yes,Electronic check,45.05,770.6,1,0,13-24 Months,Medium,Medium Risk,13-24 Months,0,0.30866229587002547,Low Risk
5716-LIBJC,Female,0,No,Yes,13,Yes,Yes,Fiber optic,No,Yes,Yes,No,Yes,Yes,One year,Yes,Credit card (automatic),104.15,1299.1,0,0,13-24 Months,High,Low Risk,13-24 Months,0,0.414807360920513,Medium Risk
2485-ITVKB,Female,0,Yes,No,2,No,No phone service,DSL,No,No,No,No,No,Yes,Month-to-month,Yes,Electronic check,35.1,68.75,1,0,0-12 Months,Medium,Medium Risk,0-12 Months,1,0.7331117373660939,High Risk
1357-MVDOZ,Male,0,Yes,Yes,11,Yes,No,DSL,No,No,Yes,No,Yes,No,Month-to-month,Yes,Bank transfer (automatic),59.65,683.25,0,0,0-12 Months,Medium,Medium Risk,0-12 Months,0,0.360692059882886,Low Risk
3926-YZVVX,Female,0,No,No,41,Yes,No,DSL,No,No,No,Yes,No,No,One year,No,Bank transfer (automatic),50.05,2029.05,0,0,25-48 Months,Medium,Low Risk,25-48 Months,0,0.028860354338752333,Low Risk
0668-OGMHD,Female,0,Yes,No,21,No,No phone service,DSL,Yes,No,No,No,No,No,Month-to-month,No,Electronic check,28.5,629.35,0,0,13-24 Months,Low,Medium Risk,13-24 Months,0,0.1877109930315008,Low Risk
7279-BUYWN,Female,1,No,No,41,Yes,Yes,Fiber optic,Yes,Yes,Yes,No,Yes,Yes,Month-to-month,Yes,Electronic check,113.2,4689.5,1,0,25-48 Months,High,Medium Risk,25-48 Months,0,0.4677334345259846,Medium Risk
7338-ERIVA,Male,0,No,Yes,39,No,No phone service,DSL,Yes,No,No,Yes,Yes,No,One year,No,Bank transfer (automatic),45.05,1790.6,0,0,25-48 Months,Medium,Low Risk,25-48 Months,0,0.041627594289014004,Low Risk
8049-WJCLQ,Male,0,Yes,Yes,10,Yes,No,DSL,No,No,Yes,No,Yes,No,Month-to-month,No,Mailed check,60.2,563.5,0,0,0-12 Months,Medium,Medium Risk,0-12 Months,0,0.31819624639745947,Low Risk
0388-EOPEX,Female,0,Yes,No,2,Yes,No,Fiber optic,Yes,No,No,No,No,No,Month-to-month,Yes,Electronic check,74.4,139.4,1,0,0-12 Months,High,High Risk,0-12 Months,1,0.6282678284835813,Medium Risk
3296-SILRA,Female,1,Yes,No,1,Yes,No,Fiber optic,No,Yes,No,No,No,No,Month-to-month,Yes,Mailed check,76.4,76.4,1,0,0-12 Months,High,High Risk,0-12 Months,1,0.6579548000955113,Medium Risk
8920-NAVAY,Male,1,No,No,62,Yes,Yes,Fiber optic,No,Yes,Yes,Yes,Yes,Yes,One year,Yes,Bank transfer (automatic),110.75,7053.35,0,0,49+ Months,High,Low Risk,49+ Months,0,0.2177188560060747,Low Risk
1834-ABKHQ,Female,0,Yes,Yes,52,Yes,No,DSL,No,No,Yes,No,No,No,One year,Yes,Bank transfer (automatic),50.95,2610.65,0,0,49+ Months,Medium,Low Risk,49+ Months,0,0.04937925840818266,Low Risk
3043-TYBNO,Male,0,No,No,3,Yes,No,DSL,No,No,No,Yes,No,Yes,Month-to-month,No,Mailed check,60.65,196.9,0,0,0-12 Months,Medium,Medium Risk,0-12 Months,0,0.3346906492753716,Low Risk
2573-GYRUU,Male,1,Yes,No,48,Yes,Yes,Fiber optic,No,No,Yes,No,No,Yes,Month-to-month,Yes,Credit card (automatic),91.05,4370.75,0,0,25-48 Months,High,Medium Risk,25-48 Months,0,0.37624695845421174,Low Risk
0979-PHULV,Male,0,Yes,Yes,69,Yes,Yes,Fiber optic,No,No,Yes,No,Yes,Yes,Month-to-month,Yes,Credit card (automatic),99.45,7007.6,1,0,49+ Months,High,Medium Risk,49+ Months,0,0.3257099348065798,Low Risk
4918-FYJNT,Female,1,Yes,No,55,Yes,Yes,Fiber optic,No,Yes,Yes,Yes,No,No,Month-to-month,No,Electronic check,90.45,5044.8,0,0,49+ Months,High,Medium Risk,49+ Months,0,0.2878535593568478,Low Risk
3930-ZGWVE,Male,0,No,No,1,Yes,No,No,No internet service,No internet service,No internet service,No internet service,No internet service,No internet service,Month-to-month,No,Mailed check,19.75,19.75,0,0,0-12 Months,Low,Medium Risk,0-12 Months,0,0.22141896613411935,Low Risk
5766-ZJYBB,Male,0,No,No,1,Yes,No,No,No internet service,No internet service,No internet service,No internet service,No internet service,No internet service,Month-to-month,No,Mailed check,19.4,19.4,1,0,0-12 Months,Low,Medium Risk,0-12 Months,0,0.22289042565118677,Low Risk
0121-SNYRK,Male,0,No,No,50,No,No phone service,DSL,Yes,No,No,Yes,No,No,One year,Yes,Mailed check,35.4,1748.9,0,0,49+ Months,Medium,Low Risk,49+ Months,0,0.05589827457578709,Low Risk
3174-AKMAS,Female,0,Yes,No,46,Yes,No,DSL,No,Yes,No,Yes,Yes,No,Two year,Yes,Credit card (automatic),64.2,3009.5,0,0,25-48 Months,Medium,Low Risk,25-48 Months,0,0.01933320017891425,Low Risk
1212-GLHMD,Male,0,No,No,3,Yes,No,Fiber optic,Yes,No,No,No,No,Yes,Month-to-month,Yes,Mailed check,86.05,244.85,0,0,0-12 Months,High,High Risk,0-12 Months,1,0.5919177847106305,Medium Risk
6741-EGCBI,Male,1,No,No,30,Yes,Yes,Fiber optic,Yes,No,No,No,No,Yes,Month-to-month,Yes,Credit card (automatic),90.5,2595.85,0,0,25-48 Months,High,Medium Risk,25-48 Months,0,0.4335264787863478,Medium Risk
6248-TKCQV,Female,0,Yes,Yes,70,Yes,Yes,DSL,Yes,No,No,Yes,Yes,Yes,Two year,Yes,Bank transfer (automatic),80.6,5460.2,0,0,49+ Months,High,Low Risk,49+ Months,0,0.014635774157654846,Low Risk
9489-JMTTN,Female,0,Yes,Yes,72,Yes,Yes,DSL,Yes,Yes,Yes,Yes,Yes,Yes,Two year,No,Credit card (automatic),89.75,6595.9,0,0,49+ Months,High,Low Risk,49+ Months,0,0.011068724236987274,Low Risk
1568-LJSZU,Male,0,Yes,Yes,68,Yes,Yes,DSL,Yes,Yes,Yes,Yes,Yes,Yes,Two year,Yes,Credit card (automatic),92.2,6392.85,0,0,49+ Months,High,Low Risk,49+ Months,0,0.0160834727032249,Low Risk
5126-RCXYW,Male,0,Yes,Yes,54,No,No phone service,DSL,No,No,Yes,Yes,No,Yes,Two year,No,Credit card (automatic),46.0,2424.05,0,0,49+ Months,Medium,Low Risk,49+ Months,0,0.028749206060762096,Low Risk
6961-MJKBO,Male,0,No,No,47,Yes,No,No,No internet service,No internet service,No internet service,No internet service,No internet service,No internet service,Two year,No,Bank transfer (automatic),20.45,943.0,0,0,25-48 Months,Low,Low Risk,25-48 Months,0,0.005515183319348165,Low Risk
9174-IHETN,Female,0,No,Yes,50,Yes,No,Fiber optic,No,No,No,No,No,No,Two year,No,Credit card (automatic),70.35,3533.6,0,0,49+ Months,High,Low Risk,49+ Months,0,0.052557928839525855,Low Risk
4160-AMJTL,Female,1,No,No,8,Yes,No,No,No internet service,No internet service,No internet service,No internet service,No internet service,No internet service,Month-to-month,No,Electronic check,19.65,164.3,1,0,0-12 Months,Low,Medium Risk,0-12 Months,0,0.25728241154745446,Low Risk
2257-BOVXD,Male,0,Yes,No,14,Yes,Yes,DSL,No,No,No,Yes,Yes,No,Month-to-month,Yes,Credit card (automatic),66.6,979.5,0,0,13-24 Months,Medium,Medium Risk,13-24 Months,0,0.28701844005345084,Low Risk
1550-LOAHA,Female,0,Yes,No,32,Yes,No,Fiber optic,No,Yes,No,No,No,Yes,Month-to-month,No,Bank transfer (automatic),84.15,2585.95,1,0,25-48 Months,High,Medium Risk,25-48 Months,0,0.26417485604340224,Low Risk
1972-XMUWV,Female,0,Yes,No,65,Yes,No,DSL,No,No,No,Yes,Yes,No,Two year,Yes,Credit card (automatic),59.8,3808.2,0,0,49+ Months,Medium,Low Risk,49+ Months,0,0.017459546892493818,Low Risk
2088-IEBAU,Female,0,No,No,68,Yes,Yes,DSL,Yes,Yes,Yes,Yes,Yes,Yes,Two year,Yes,Electronic check,88.15,6148.45,0,0,49+ Months,High,Low Risk,49+ Months,0,0.029557440758686392,Low Risk
0825-CPPQH,Female,0,Yes,No,71,Yes,No,No,No internet service,No internet service,No internet service,No internet service,No internet service,No internet service,Two year,No,Credit card (automatic),19.1,1372.45,0,0,49+ Months,Low,Low Risk,49+ Months,0,0.003456989604570688,Low Risk
2070-FNEXE,Female,1,No,No,7,Yes,No,Fiber optic,Yes,No,No,No,No,No,Month-to-month,No,Bank transfer (automatic),76.45,503.6,1,0,0-12 Months,High,High Risk,0-12 Months,0,0.4555523590876377,Medium Risk
1731-TVIUK,Female,0,No,No,4,Yes,Yes,Fiber optic,No,Yes,No,Yes,No,Yes,Month-to-month,Yes,Electronic check,93.5,362.2,1,0,0-12 Months,High,High Risk,0-12 Months,1,0.7220685221457708,High Risk
1697-NVVGY,Male,1,Yes,No,19,Yes,No,DSL,Yes,No,Yes,No,Yes,No,Month-to-month,No,Bank transfer (automatic),66.4,1286.05,0,0,13-24 Months,Medium,Medium Risk,13-24 Months,0,0.16304141846011774,Low Risk
6754-WKSHP,Male,0,No,Yes,30,Yes,Yes,No,No internet service,No internet service,No internet service,No internet service,No internet service,No internet service,One year,No,Bank transfer (automatic),25.35,723.3,0,0,25-48 Months,Low,Low Risk,25-48 Months,0,0.03084971481578218,Low Risk
7036-ZZKBD,Male,0,Yes,No,31,Yes,No,DSL,No,No,Yes,Yes,No,Yes,Month-to-month,Yes,Credit card (automatic),66.4,2019.8,0,0,25-48 Months,Medium,Medium Risk,25-48 Months,0,0.15075978628502296,Low Risk
2203-GHNWN,Female,0,Yes,No,24,Yes,Yes,Fiber optic,No,No,Yes,No,No,No,Month-to-month,Yes,Mailed check,79.65,1928.7,0,0,13-24 Months,High,Medium Risk,13-24 Months,0,0.4382475543851005,Medium Risk
8722-PRFDV,Female,0,Yes,Yes,71,Yes,No,DSL,Yes,No,Yes,No,Yes,Yes,Two year,No,Credit card (automatic),77.55,5574.35,0,0,49+ Months,High,Low Risk,49+ Months,0,0.011304170797642038,Low Risk
7527-QNRUS,Male,0,Yes,Yes,17,Yes,Yes,No,No internet service,No internet service,No internet service,No internet service,No internet service,No internet service,Two year,Yes,Mailed check,25.15,412.6,0,0,13-24 Months,Low,Low Risk,13-24 Months,0,0.030383567698571912,Low Risk
7861-UVUFT,Female,0,Yes,No,15,Yes,No,Fiber optic,No,No,Yes,No,Yes,No,Month-to-month,Yes,Electronic check,84.3,1308.4,1,0,13-24 Months,High,Medium Risk,13-24 Months,1,0.5856067688190304,Medium Risk
3563-SVYLG,Male,0,Yes,Yes,68,Yes,No,DSL,Yes,Yes,Yes,Yes,No,No,Two year,No,Credit card (automatic),62.65,4375.8,0,0,49+ Months,Medium,Low Risk,49+ Months,0,0.004465200480069807,Low Risk
0431-APWVY,Female,0,Yes,Yes,28,Yes,No,Fiber optic,No,No,No,No,Yes,Yes,One year,Yes,Bank transfer (automatic),90.1,2598.95,1,0,25-48 Months,High,Low Risk,25-48 Months,0,0.2690470387476097,Low Risk
1656-DRSMG,Female,0,No,No,63,Yes,Yes,Fiber optic,No,Yes,Yes,Yes,Yes,Yes,Month-to-month,Yes,Credit card (automatic),109.85,7002.95,0,0,49+ Months,High,Medium Risk,49+ Months,0,0.32554682865828966,Low Risk
2027-FECZV,Male,0,No,No,12,Yes,Yes,Fiber optic,No,Yes,Yes,No,Yes,Yes,Month-to-month,Yes,Electronic check,106.7,1253.9,1,0,0-12 Months,High,High Risk,0-12 Months,1,0.7766684271133856,High Risk
6857-TKDJV,Male,0,Yes,Yes,67,Yes,Yes,No,No internet service,No internet service,No internet service,No internet service,No internet service,No internet service,Two year,No,Bank transfer (automatic),24.65,1620.45,0,0,49+ Months,Low,Low Risk,49+ Months,0,0.004599272764004546,Low Risk
0841-NULXI,Male,0,No,No,1,No,No phone service,DSL,No,No,No,No,No,Yes,Month-to-month,Yes,Electronic check,35.55,35.55,1,0,0-12 Months,Medium,Medium Risk,0-12 Months,1,0.7366970483480945,High Risk
3891-PUQOD,Female,0,No,Yes,1,Yes,No,DSL,No,No,Yes,No,No,Yes,Month-to-month,No,Electronic check,59.2,59.2,1,0,0-12 Months,Medium,Medium Risk,0-12 Months,0,0.4886891076519393,Medium Risk
1229-RCALF,Female,0,Yes,No,64,Yes,Yes,Fiber optic,Yes,Yes,Yes,Yes,Yes,Yes,One year,Yes,Electronic check,115.0,7396.15,0,0,49+ Months,High,Low Risk,49+ Months,0,0.17622237093167195,Low Risk
2122-SZZZD,Male,0,No,No,44,Yes,No,No,No internet service,No internet service,No internet service,No internet service,No internet service,No internet service,One year,No,Credit card (automatic),19.5,835.5,0,0,25-48 Months,Low,Low Risk,25-48 Months,0,0.014515600591224647,Low Risk
2386-LAHRK,Male,0,No,No,1,Yes,No,DSL,No,No,No,No,Yes,No,Month-to-month,Yes,Mailed check,53.5,53.5,1,0,0-12 Months,Medium,Medium Risk,0-12 Months,1,0.5332026210408312,Medium Risk
9112-WSNPU,Female,1,No,No,35,Yes,No,Fiber optic,No,No,No,No,No,No,Month-to-month,No,Electronic check,70.55,2419.0,0,0,25-48 Months,High,Medium Risk,25-48 Months,0,0.3332478123316546,Low Risk
9127-FHJBZ,Male,0,Yes,Yes,72,Yes,Yes,Fiber optic,Yes,Yes,Yes,Yes,Yes,Yes,Two year,Yes,Electronic check,114.0,8093.15,0,0,49+ Months,High,Low Risk,49+ Months,0,0.05648329250452013,Low Risk
5301-GAUUY,Male,0,No,No,32,Yes,Yes,Fiber optic,No,Yes,No,No,No,No,Month-to-month,Yes,Bank transfer (automatic),80.35,2596.15,1,0,25-48 Months,High,Medium Risk,25-48 Months,0,0.3414855963551945,Low Risk
2139-FQHLM,Male,0,No,No,19,Yes,No,Fiber optic,No,No,Yes,Yes,Yes,No,Month-to-month,No,Mailed check,89.95,1682.4,0,0,13-24 Months,High,Medium Risk,13-24 Months,0,0.3126231682965973,Low Risk
8325-QRPZR,Female,0,No,No,7,Yes,No,Fiber optic,No,No,Yes,No,No,No,Month-to-month,Yes,Electronic check,75.15,525.0,0,0,0-12 Months,High,High Risk,0-12 Months,1,0.6843934679095942,Medium Risk
5129-JLPIS,Male,0,No,No,25,Yes,No,Fiber optic,Yes,No,Yes,Yes,Yes,Yes,Month-to-month,Yes,Electronic check,105.5,2686.05,0,0,25-48 Months,High,Medium Risk,25-48 Months,0,0.42630498003817563,Medium Risk
3796-ENZGF,Male,0,Yes,No,63,Yes,Yes,DSL,No,Yes,No,Yes,No,Yes,Two year,No,Mailed check,67.25,4234.15,0,0,49+ Months,Medium,Low Risk,49+ Months,0,0.018544993423694478,Low Risk
6769-DYBQN,Male,1,No,No,46,Yes,No,Fiber optic,Yes,No,No,No,No,Yes,Month-to-month,No,Electronic check,85.0,3969.4,1,0,25-48 Months,High,Medium Risk,25-48 Months,0,0.226786564075727,Low Risk
5312-TSZVC,Female,0,No,Yes,15,Yes,No,No,No internet service,No internet service,No internet service,No internet service,No internet service,No internet service,One year,No,Mailed check,19.65,270.6,0,0,13-24 Months,Low,Low Risk,13-24 Months,0,0.037847702341457366,Low Risk
1205-WNWPJ,Female,0,No,No,7,Yes,No,DSL,No,No,No,Yes,Yes,No,Month-to-month,Yes,Mailed check,59.5,415.95,1,0,0-12 Months,Medium,Medium Risk,0-12 Months,0,0.3819398469473122,Low Risk
6328-ZPBGN,Female,1,No,No,11,Yes,Yes,Fiber optic,No,No,No,No,Yes,Yes,Month-to-month,Yes,Bank transfer (automatic),95.15,997.65,1,0,0-12 Months,High,High Risk,0-12 Months,1,0.7856437883509448,High Risk
3392-EHMNK,Female,0,Yes,Yes,67,Yes,Yes,Fiber optic,No,Yes,No,Yes,Yes,No,Two year,No,Credit card (automatic),94.1,6302.8,0,0,49+ Months,High,Low Risk,49+ Months,0,0.03693185579985448,Low Risk
9224-VTYID,Male,0,Yes,Yes,47,Yes,Yes,DSL,Yes,Yes,Yes,Yes,Yes,Yes,Two year,Yes,Mailed check,90.5,4318.35,0,0,25-48 Months,High,Low Risk,25-48 Months,0,0.02057693470330273,Low Risk
2843-CQMEG,Male,0,No,No,24,Yes,No,DSL,No,Yes,No,No,No,No,Month-to-month,Yes,Mailed check,49.7,1218.25,0,0,13-24 Months,Medium,Medium Risk,13-24 Months,0,0.14318241856001487,Low Risk
4701-AHWMW,Male,0,Yes,No,55,No,No phone service,DSL,No,No,Yes,Yes,Yes,Yes,Month-to-month,Yes,Bank transfer (automatic),54.55,2978.3,1,0,49+ Months,Medium,Medium Risk,49+ Months,0,0.2140976020636435,Low Risk
1894-IGFSG,Female,0,No,No,22,Yes,No,Fiber optic,No,No,No,No,Yes,Yes,Month-to-month,No,Electronic check,89.25,1907.85,1,0,13-24 Months,High,Medium Risk,13-24 Months,0,0.4964128825054236,Medium Risk
0665-XHDJU,Male,0,Yes,No,72,Yes,Yes,Fiber optic,No,Yes,No,No,Yes,Yes,Two year,Yes,Electronic check,99.4,7285.7,0,0,49+ Months,High,Low Risk,49+ Months,0,0.11875196092493095,Low Risk
6174-NRBTZ,Male,0,No,No,46,No,No phone service,DSL,Yes,No,No,No,No,No,One year,Yes,Bank transfer (automatic),30.75,1489.3,0,0,25-48 Months,Medium,Low Risk,25-48 Months,0,0.048660004385741765,Low Risk
7067-KSAZT,Female,1,Yes,No,65,Yes,Yes,Fiber optic,No,Yes,Yes,No,Yes,Yes,One year,Yes,Electronic check,106.25,6979.8,1,0,49+ Months,High,Low Risk,49+ Months,0,0.3313955757453659,Low Risk
1140-UKVZG,Female,0,No,No,17,Yes,Yes,No,No internet service,No internet service,No internet service,No internet service,No internet service,No internet service,Month-to-month,No,Mailed check,24.8,475.25,0,0,13-24 Months,Low,Medium Risk,13-24 Months,0,0.11528303321790506,Low Risk
4248-QPAVC,Female,1,Yes,No,17,Yes,Yes,Fiber optic,Yes,No,Yes,No,No,No,Month-to-month,Yes,Bank transfer (automatic),85.35,1463.45,1,0,13-24 Months,High,Medium Risk,13-24 Months,0,0.4368837276050811,Medium Risk
6698-OXETB,Male,0,No,No,11,Yes,No,No,No internet service,No internet service,No internet service,No internet service,No internet service,No internet service,Two year,No,Mailed check,20.4,231.45,0,0,0-12 Months,Low,Medium Risk,0-12 Months,0,0.018593053789986606,Low Risk
5574-NXZIU,Male,0,No,No,63,Yes,No,Fiber optic,Yes,Yes,Yes,Yes,Yes,Yes,Two year,No,Credit card (automatic),109.2,7049.75,0,0,49+ Months,High,Low Risk,49+ Months,0,0.037402909057403455,Low Risk
0959-WHOKV,Male,0,No,No,42,Yes,Yes,Fiber optic,Yes,Yes,Yes,No,No,Yes,One year,Yes,Electronic check,99.0,4298.45,0,0,25-48 Months,High,Low Risk,25-48 Months,0,0.20639738392770696,Low Risk
2458-EOMRE,Female,0,No,No,11,Yes,No,DSL,Yes,No,Yes,No,No,Yes,Month-to-month,No,Bank transfer (automatic),64.05,733.95,0,0,0-12 Months,Medium,Medium Risk,0-12 Months,0,0.2611187312313417,Low Risk
9933-QRGTX,Female,0,Yes,No,60,Yes,No,Fiber optic,Yes,No,No,Yes,Yes,Yes,Two year,Yes,Electronic check,97.2,5611.75,0,0,49+ Months,High,Low Risk,49+ Months,0,0.07639291681355191,Low Risk
0690-SRQID,Male,0,No,No,4,Yes,No,No,No internet service,No internet service,No internet service,No internet service,No internet service,No internet service,Month-to-month,Yes,Mailed check,19.65,67.55,0,0,0-12 Months,Low,Medium Risk,0-12 Months,0,0.2472215968870855,Low Risk
1150-WFARN,Female,0,Yes,Yes,67,Yes,Yes,Fiber optic,Yes,No,Yes,Yes,Yes,Yes,Two year,Yes,Credit card (automatic),108.75,7156.2,1,0,49+ Months,High,Low Risk,49+ Months,0,0.058386782368152264,Low Risk
0363-QJVFX,Male,0,No,No,32,Yes,Yes,Fiber optic,Yes,Yes,No,Yes,Yes,Yes,Month-to-month,Yes,Credit card (automatic),108.15,3432.9,1,0,25-48 Months,High,Medium Risk,25-48 Months,0,0.33751427115004295,Low Risk
0744-GKNGE,Female,0,Yes,Yes,64,Yes,Yes,Fiber optic,Yes,No,No,Yes,No,No,Month-to-month,Yes,Bank transfer (automatic),86.8,5327.25,0,0,49+ Months,High,Medium Risk,49+ Months,0,0.10512083087596463,Low Risk
6685-GBWJZ,Male,0,Yes,No,63,Yes,No,DSL,Yes,Yes,No,Yes,Yes,No,One year,No,Credit card (automatic),70.8,4448.8,0,0,49+ Months,High,Low Risk,49+ Months,0,0.016613263099400456,Low Risk
5133-VRSAB,Male,0,No,No,8,No,No phone service,DSL,Yes,No,No,No,No,No,Month-to-month,No,Mailed check,29.35,216.45,0,0,0-12 Months,Low,Medium Risk,0-12 Months,0,0.3144025437626408,Low Risk
5702-KVQRD,Male,0,Yes,No,71,Yes,No,DSL,Yes,No,Yes,Yes,Yes,Yes,Two year,Yes,Electronic check,82.55,5832.65,0,0,49+ Months,High,Low Risk,49+ Months,0,0.01776445802112815,Low Risk
5057-RKGLH,Female,0,Yes,Yes,9,Yes,No,No,No internet service,No internet service,No internet service,No internet service,No internet service,No internet service,Two year,No,Mailed check,20.35,191.1,0,0,0-12 Months,Low,Medium Risk,0-12 Months,0,0.016946396353146417,Low Risk
9378-FXTIZ,Female,0,Yes,No,54,Yes,Yes,DSL,No,No,No,No,Yes,Yes,One year,Yes,Credit card (automatic),70.15,3715.65,1,0,49+ Months,High,Low Risk,49+ Months,0,0.1387976787413321,Low Risk
6710-HSJRD,Male,0,Yes,No,61,Yes,Yes,Fiber optic,No,Yes,Yes,Yes,Yes,Yes,Month-to-month,Yes,Electronic check,114.1,7132.15,0,0,49+ Months,High,Medium Risk,49+ Months,0,0.3920217193731162,Low Risk
1074-WVEVG,Female,0,Yes,No,59,Yes,No,No,No internet service,No internet service,No internet service,No internet service,No internet service,No internet service,One year,No,Mailed check,20.35,1267.0,0,0,49+ Months,Low,Low Risk,49+ Months,0,0.012962926658872201,Low Risk
0678-RLHVP,Female,0,No,No,53,Yes,Yes,Fiber optic,No,Yes,Yes,No,Yes,Yes,Two year,No,Electronic check,105.55,5682.25,0,0,49+ Months,High,Low Risk,49+ Months,0,0.18444848979998754,Low Risk
1820-TQVEV,Male,0,No,No,1,Yes,No,Fiber optic,No,No,No,No,No,No,Month-to-month,Yes,Electronic check,69.55,69.55,1,0,0-12 Months,Medium,Medium Risk,0-12 Months,1,0.7323082782904381,High Risk
1635-FJFCC,Female,0,No,No,5,Yes,No,DSL,No,No,No,No,No,No,Month-to-month,Yes,Credit card (automatic),44.05,202.15,0,0,0-12 Months,Medium,Medium Risk,0-12 Months,0,0.4195369602992205,Medium Risk
0123-CRBRT,Female,0,Yes,Yes,61,Yes,Yes,DSL,Yes,Yes,Yes,Yes,Yes,Yes,Two year,No,Mailed check,88.1,5526.75,0,0,49+ Months,High,Low Risk,49+ Months,0,0.01752716478739204,Low Risk
4905-JEFDW,Male,0,No,No,11,No,No phone service,DSL,No,No,Yes,No,Yes,No,One year,Yes,Electronic check,41.6,470.6,1,0,0-12 Months,Medium,Medium Risk,0-12 Months,0,0.30410973819321957,Low Risk
7401-JIXNM,Female,0,Yes,Yes,54,Yes,Yes,DSL,Yes,Yes,Yes,Yes,Yes,Yes,Two year,No,Credit card (automatic),91.3,4965.0,0,0,49+ Months,High,Low Risk,49+ Months,0,0.021132584685362277,Low Risk
8990-YOZLV,Female,0,No,No,69,Yes,Yes,DSL,Yes,Yes,No,Yes,No,No,Two year,Yes,Mailed check,66.9,4577.9,0,0,49+ Months,Medium,Low Risk,49+ Months,0,0.009299403602115616,Low Risk
1092-GANHU,Male,0,No,No,17,Yes,No,Fiber optic,No,No,Yes,No,No,No,Month-to-month,Yes,Electronic check,76.65,1313.55,1,0,13-24 Months,High,Medium Risk,13-24 Months,0,0.4733335631193596,Medium Risk
5207-PLSTK,Male,0,Yes,Yes,1,Yes,No,DSL,Yes,No,No,No,No,No,Month-to-month,Yes,Mailed check,48.75,48.75,0,0,0-12 Months,Medium,Medium Risk,0-12 Months,0,0.3137532248449502,Low Risk
2144-BFDSO,Female,1,Yes,No,50,Yes,Yes,Fiber optic,Yes,Yes,Yes,No,Yes,Yes,Month-to-month,No,Bank transfer (automatic),108.75,5431.9,0,0,49+ Months,High,Medium Risk,49+ Months,0,0.3855186920782415,Low Risk
9624-EGDEQ,Female,0,No,No,37,Yes,No,No,No internet service,No internet service,No internet service,No internet service,No internet service,No internet service,Two year,No,Mailed check,19.8,813.3,0,0,25-48 Months,Low,Low Risk,25-48 Months,0,0.010188945818956296,Low Risk
7157-SMCFK,Male,0,No,Yes,61,Yes,No,No,No internet service,No internet service,No internet service,No internet service,No internet service,No internet service,Two year,No,Mailed check,19.75,1124.2,0,0,49+ Months,Low,Low Risk,49+ Months,0,0.00442413023012891,Low Risk
4174-LPGTI,Female,0,Yes,Yes,41,Yes,No,DSL,No,Yes,No,Yes,No,Yes,One year,Yes,Bank transfer (automatic),66.5,2728.6,1,0,25-48 Months,Medium,Low Risk,25-48 Months,0,0.03453339822427159,Low Risk
9391-DXGGG,Female,1,No,No,44,Yes,No,Fiber optic,No,Yes,Yes,No,No,Yes,One year,No,Credit card (automatic),89.15,3990.75,0,0,25-48 Months,High,Low Risk,25-48 Months,0,0.14053768647562695,Low Risk
8807-ARQET,Female,0,No,No,41,No,No phone service,DSL,No,Yes,No,No,No,Yes,Month-to-month,Yes,Electronic check,40.35,1677.85,0,0,25-48 Months,Medium,Medium Risk,25-48 Months,0,0.24833263855480361,Low Risk
9644-KVCNC,Female,0,No,No,66,Yes,Yes,Fiber optic,No,No,Yes,No,Yes,No,One year,Yes,Bank transfer (automatic),92.15,6056.9,0,0,49+ Months,High,Low Risk,49+ Months,0,0.17730215948240058,Low Risk
5736-YEJAX,Male,0,No,Yes,69,Yes,Yes,DSL,Yes,Yes,Yes,Yes,Yes,No,Two year,Yes,Credit card (automatic),79.45,5502.55,0,0,49+ Months,High,Low Risk,49+ Months,0,0.01149481119448616,Low Risk
0023-UYUPN,Female,1,Yes,No,50,Yes,Yes,No,No internet service,No internet service,No internet service,No internet service,No internet service,No internet service,One year,No,Electronic check,25.2,1306.3,0,0,49+ Months,Low,Low Risk,49+ Months,0,0.047923427852091194,Low Risk
1915-OAKWD,Female,0,No,Yes,16,Yes,No,No,No internet service,No internet service,No internet service,No internet service,No internet service,No internet service,One year,Yes,Bank transfer (automatic),19.3,360.35,0,0,13-24 Months,Low,Low Risk,13-24 Months,0,0.044999702671727745,Low Risk
8033-VCZGH,Male,0,Yes,No,50,Yes,Yes,Fiber optic,Yes,No,Yes,No,Yes,Yes,One year,Yes,Electronic check,103.95,5231.3,0,0,49+ Months,High,Low Risk,49+ Months,0,0.3580454508165818,Low Risk
1436-ZMJAN,Female,0,Yes,No,10,Yes,No,DSL,No,No,Yes,No,Yes,Yes,Month-to-month,Yes,Credit card (automatic),67.8,653.15,0,0,0-12 Months,Medium,Medium Risk,0-12 Months,1,0.5161839376395123,Medium Risk
9507-EXLTT,Female,0,Yes,No,1,Yes,No,Fiber optic,No,No,No,No,Yes,No,Month-to-month,Yes,Bank transfer (automatic),79.35,79.35,1,0,0-12 Months,High,High Risk,0-12 Months,1,0.7069020062915259,High Risk
3966-HRMZA,Female,1,No,No,3,Yes,No,Fiber optic,No,No,Yes,No,No,No,Month-to-month,No,Mailed check,75.05,202.9,0,0,0-12 Months,High,High Risk,0-12 Months,1,0.6359134689196955,Medium Risk
9586-JGQKH,Female,0,Yes,No,64,Yes,Yes,Fiber optic,No,Yes,No,Yes,Yes,Yes,Two year,Yes,Bank transfer (automatic),105.4,6794.75,0,0,49+ Months,High,Low Risk,49+ Months,0,0.0834736147506535,Low Risk
9453-PATOS,Female,0,Yes,No,72,Yes,No,DSL,Yes,Yes,Yes,Yes,Yes,Yes,Two year,No,Mailed check,85.1,6155.4,0,0,49+ Months,High,Low Risk,49+ Months,0,0.008963027639298534,Low Risk
8261-GWDBQ,Female,1,Yes,No,60,Yes,Yes,Fiber optic,Yes,Yes,Yes,Yes,Yes,Yes,Two year,Yes,Bank transfer (automatic),116.05,6925.9,0,0,49+ Months,High,Low Risk,49+ Months,0,0.08751026692885411,Low Risk
4813-HQMGZ,Female,0,Yes,No,8,Yes,Yes,Fiber optic,No,No,No,Yes,No,Yes,Month-to-month,Yes,Electronic check,90.25,743.75,0,0,0-12 Months,High,High Risk,0-12 Months,1,0.7185614499951495,High Risk
2883-ILGWO,Male,1,No,No,57,Yes,Yes,Fiber optic,No,Yes,No,Yes,Yes,Yes,Month-to-month,Yes,Bank transfer (automatic),104.9,5913.95,0,0,49+ Months,High,Medium Risk,49+ Months,0,0.37552591706208627,Low Risk
5949-HGVJL,Female,0,Yes,No,26,Yes,No,DSL,No,Yes,No,Yes,Yes,Yes,Month-to-month,Yes,Electronic check,73.05,1959.5,0,0,25-48 Months,High,Medium Risk,25-48 Months,0,0.25544154361157995,Low Risk
6754-LZUKA,Male,0,Yes,No,61,Yes,Yes,DSL,No,Yes,Yes,No,Yes,Yes,Two year,No,Bank transfer (automatic),80.9,4932.5,0,0,49+ Months,High,Low Risk,49+ Months,0,0.035492215286857344,Low Risk
6198-ZFIOJ,Female,0,No,No,5,Yes,Yes,Fiber optic,No,No,No,No,No,No,Month-to-month,No,Electronic check,75.6,402.5,0,0,0-12 Months,High,High Risk,0-12 Months,1,0.7059784269138405,High Risk
7409-KIUTL,Female,1,No,Yes,1,Yes,No,Fiber optic,No,No,No,No,No,No,Month-to-month,Yes,Electronic check,71.0,71.0,1,0,0-12 Months,High,High Risk,0-12 Months,1,0.7209104533936223,High Risk
4323-SADQS,Male,0,Yes,Yes,7,No,No phone service,DSL,Yes,No,No,Yes,No,No,Month-to-month,Yes,Electronic check,34.5,279.25,1,0,0-12 Months,Medium,Medium Risk,0-12 Months,0,0.3886553482175071,Low Risk
2068-WWXQZ,Male,0,No,No,46,Yes,No,No,No internet service,No internet service,No internet service,No internet service,No internet service,No internet service,Two year,No,Bank transfer (automatic),20.05,902.0,0,0,25-48 Months,Low,Low Risk,25-48 Months,0,0.005827825621512835,Low Risk
1936-UAFEH,Female,0,No,No,68,Yes,Yes,Fiber optic,Yes,Yes,No,Yes,Yes,Yes,Two year,No,Credit card (automatic),110.25,7279.35,0,0,49+ Months,High,Low Risk,49+ Months,0,0.0409220731372977,Low Risk
5236-PERKL,Female,0,No,No,57,Yes,Yes,Fiber optic,Yes,Yes,Yes,No,Yes,Yes,Two year,Yes,Bank transfer (automatic),112.95,6465.0,1,0,49+ Months,High,Low Risk,49+ Months,0,0.10522303260775187,Low Risk
8189-HBVRW,Female,0,No,No,53,Yes,Yes,Fiber optic,Yes,Yes,Yes,No,No,No,Month-to-month,No,Electronic check,90.8,4921.2,0,0,49+ Months,High,Medium Risk,49+ Months,0,0.2534360722703055,Low Risk
1370-GGAWX,Female,0,No,No,46,Yes,Yes,Fiber optic,No,Yes,Yes,No,No,Yes,One year,Yes,Electronic check,94.15,4408.45,0,0,25-48 Months,High,Low Risk,25-48 Months,0,0.24968219162449018,Low Risk
1200-TUZHR,Female,1,No,No,8,Yes,Yes,Fiber optic,No,No,No,No,No,Yes,Month-to-month,No,Electronic check,85.2,695.75,0,0,0-12 Months,High,High Risk,0-12 Months,1,0.7723242792850903,High Risk
4851-BQDNX,Male,0,Yes,Yes,40,Yes,No,Fiber optic,No,No,Yes,No,Yes,No,One year,Yes,Electronic check,85.05,3355.65,0,0,25-48 Months,High,Low Risk,25-48 Months,0,0.20556263694326324,Low Risk
8319-QBEHW,Male,0,No,Yes,26,No,No phone service,DSL,No,Yes,No,No,Yes,No,One year,Yes,Bank transfer (automatic),39.95,1023.75,0,0,25-48 Months,Medium,Low Risk,25-48 Months,0,0.1546118753290786,Low Risk
4250-WAROZ,Male,1,Yes,Yes,60,Yes,Yes,Fiber optic,Yes,Yes,No,No,No,Yes,Month-to-month,Yes,Electronic check,93.25,5774.55,0,0,49+ Months,High,Medium Risk,49+ Months,0,0.3069505906601242,Low Risk
7072-MBHEV,Female,1,Yes,Yes,11,Yes,Yes,Fiber optic,No,No,Yes,No,No,No,Month-to-month,Yes,Credit card (automatic),78.1,864.85,0,0,0-12 Months,High,High Risk,0-12 Months,1,0.6700585195301443,Medium Risk
8245-UMPYT,Female,1,No,No,16,Yes,Yes,Fiber optic,No,No,No,No,Yes,Yes,Month-to-month,Yes,Electronic check,96.4,1581.2,1,0,13-24 Months,High,Medium Risk,13-24 Months,1,0.7421239981005753,High Risk
9522-BNTHX,Female,1,No,No,34,No,No phone service,DSL,No,Yes,Yes,No,Yes,Yes,Month-to-month,Yes,Electronic check,56.25,1765.95,0,0,25-48 Months,Medium,Medium Risk,25-48 Months,0,0.44392417195481604,Medium Risk
9646-NMHXE,Male,0,Yes,No,47,Yes,No,No,No internet service,No internet service,No internet service,No internet service,No internet service,No internet service,Two year,No,Mailed check,19.65,973.1,0,0,25-48 Months,Low,Low Risk,25-48 Months,0,0.006044187333206496,Low Risk
1062-LHZOD,Male,0,Yes,Yes,1,Yes,No,Fiber optic,No,No,No,No,No,No,Month-to-month,Yes,Mailed check,69.9,69.9,1,0,0-12 Months,Medium,Medium Risk,0-12 Months,1,0.6174881492889603,Medium Risk
1035-IPQPU,Female,1,Yes,No,63,Yes,Yes,Fiber optic,No,Yes,Yes,No,Yes,Yes,Month-to-month,Yes,Electronic check,103.5,6479.4,0,0,49+ Months,High,Medium Risk,49+ Months,1,0.5246273740330795,Medium Risk
8024-XNAFQ,Female,1,No,No,72,Yes,Yes,Fiber optic,Yes,Yes,Yes,Yes,No,Yes,Two year,Yes,Bank transfer (automatic),107.4,7748.75,0,0,49+ Months,High,Low Risk,49+ Months,0,0.04134490950787551,Low Risk
7205-BAIAD,Female,0,No,No,40,Yes,No,No,No internet service,No internet service,No internet service,No internet service,No internet service,No internet service,Two year,Yes,Bank transfer (automatic),20.6,827.3,0,0,25-48 Months,Low,Low Risk,25-48 Months,0,0.010585864767967822,Low Risk
8083-YTZES,Male,0,No,No,4,Yes,Yes,Fiber optic,No,No,No,No,No,No,Month-to-month,Yes,Electronic check,74.35,265.35,1,0,0-12 Months,High,High Risk,0-12 Months,1,0.7685437792868035,High Risk
4919-IKATY,Male,0,Yes,Yes,5,Yes,Yes,Fiber optic,Yes,No,Yes,No,No,No,Month-to-month,Yes,Electronic check,84.5,453.75,1,0,0-12 Months,High,High Risk,0-12 Months,1,0.6423219880957324,Medium Risk
8975-SKGRX,Male,0,Yes,No,71,Yes,Yes,Fiber optic,Yes,Yes,Yes,Yes,Yes,Yes,Two year,Yes,Bank transfer (automatic),116.1,8310.55,0,0,49+ Months,High,Low Risk,49+ Months,0,0.04967421222593688,Low Risk
4029-HPFVY,Male,0,No,No,3,Yes,No,Fiber optic,No,No,No,No,No,No,Month-to-month,Yes,Mailed check,70.3,220.4,0,0,0-12 Months,High,High Risk,0-12 Months,1,0.6364222245505213,Medium Risk
3519-ZKXGG,Female,0,Yes,No,3,Yes,Yes,Fiber optic,No,No,No,No,No,No,Month-to-month,Yes,Electronic check,75.85,256.6,1,0,0-12 Months,High,High Risk,0-12 Months,1,0.773996054847053,High Risk
5214-CHIWJ,Male,0,No,No,27,Yes,No,No,No internet service,No internet service,No internet service,No internet service,No internet service,No internet service,One year,No,Mailed check,20.3,595.05,0,0,25-48 Months,Low,Low Risk,25-48 Months,0,0.03277700150328674,Low Risk
0936-NQLJU,Female,0,Yes,No,41,Yes,No,No,No internet service,No internet service,No internet service,No internet service,No internet service,No internet service,Two year,No,Credit card (automatic),20.65,875.55,0,0,25-48 Months,Low,Low Risk,25-48 Months,0,0.008035162184711743,Low Risk
8873-GLDMH,Female,0,No,No,6,Yes,Yes,Fiber optic,No,No,No,No,No,No,Month-to-month,Yes,Mailed check,73.85,401.3,0,0,0-12 Months,High,High Risk,0-12 Months,1,0.7021975352825295,High Risk
7952-OBOYL,Male,0,No,No,3,Yes,No,Fiber optic,No,No,Yes,Yes,Yes,No,Month-to-month,Yes,Mailed check,89.85,244.45,0,0,0-12 Months,High,High Risk,0-12 Months,1,0.631074282993813,Medium Risk
5334-JLAXU,Female,0,Yes,No,60,Yes,Yes,Fiber optic,Yes,Yes,No,No,No,Yes,Month-to-month,Yes,Credit card (automatic),94.1,5475.9,0,0,49+ Months,High,Medium Risk,49+ Months,0,0.23892527777624317,Low Risk
7529-ZDFXI,Male,1,Yes,No,57,Yes,Yes,Fiber optic,No,Yes,No,No,No,Yes,Month-to-month,Yes,Electronic check,89.85,4925.35,0,0,49+ Months,High,Medium Risk,49+ Months,0,0.4509602737579517,Medium Risk
4735-ASGMA,Male,0,No,No,26,Yes,Yes,Fiber optic,No,No,Yes,No,Yes,Yes,Month-to-month,Yes,Electronic check,98.35,2515.3,1,0,25-48 Months,High,Medium Risk,25-48 Months,1,0.6934727720573538,Medium Risk
2338-BQEZT,Female,0,No,No,55,Yes,No,DSL,Yes,No,No,No,No,No,Month-to-month,Yes,Credit card (automatic),50.55,2832.75,0,0,49+ Months,Medium,Medium Risk,49+ Months,0,0.0729779898226308,Low Risk
1493-AMTIE,Male,0,No,No,1,Yes,No,No,No internet service,No internet service,No internet service,No internet service,No internet service,No internet service,Month-to-month,Yes,Bank transfer (automatic),20.2,20.2,1,0,0-12 Months,Low,Medium Risk,0-12 Months,0,0.2577571967671314,Low Risk
2676-SSLTO,Male,0,No,No,49,Yes,Yes,DSL,No,No,No,Yes,Yes,No,Two year,Yes,Bank transfer (automatic),66.15,3199.0,0,0,49+ Months,Medium,Low Risk,49+ Months,0,0.04535878055034819,Low Risk
5876-HZVZM,Female,0,Yes,Yes,6,Yes,No,DSL,Yes,Yes,No,No,No,No,Month-to-month,No,Credit card (automatic),55.9,365.35,1,0,0-12 Months,Medium,Medium Risk,0-12 Months,0,0.18122045058358646,Low Risk
8375-DKEBR,Female,1,No,No,1,Yes,No,Fiber optic,No,No,No,No,No,No,Month-to-month,Yes,Electronic check,69.6,69.6,1,0,0-12 Months,Medium,Medium Risk,0-12 Months,1,0.7758120593760347,High Risk
7776-QGYJC,Female,0,Yes,Yes,39,Yes,No,Fiber optic,No,No,Yes,Yes,No,No,Month-to-month,Yes,Bank transfer (automatic),81.5,3107.3,0,0,25-48 Months,High,Medium Risk,25-48 Months,0,0.16047681742489986,Low Risk
2866-IKBTM,Female,0,No,No,1,Yes,No,No,No internet service,No internet service,No internet service,No internet service,No internet service,No internet service,Month-to-month,No,Mailed check,19.55,19.55,0,0,0-12 Months,Low,Medium Risk,0-12 Months,0,0.2270619654364513,Low Risk
0214-JHPFW,Female,0,Yes,No,70,No,No phone service,DSL,No,Yes,Yes,Yes,Yes,Yes,Two year,No,Bank transfer (automatic),57.8,4039.3,0,0,49+ Months,Medium,Low Risk,49+ Months,0,0.02238416327950362,Low Risk
3334-CTHOL,Female,0,No,No,1,Yes,Yes,DSL,No,No,No,No,No,No,Month-to-month,Yes,Bank transfer (automatic),49.95,49.95,1,0,0-12 Months,Medium,Medium Risk,0-12 Months,1,0.5335148167957467,Medium Risk
7470-MCQTK,Female,0,Yes,No,13,No,No phone service,DSL,No,No,Yes,No,Yes,Yes,Month-to-month,Yes,Bank transfer (automatic),48.75,633.4,1,0,13-24 Months,Medium,Medium Risk,13-24 Months,1,0.5229125078880713,Medium Risk
0016-QLJIS,Female,0,Yes,Yes,65,Yes,Yes,DSL,Yes,Yes,Yes,Yes,Yes,Yes,Two year,Yes,Mailed check,90.45,5957.9,0,0,49+ Months,High,Low Risk,49+ Months,0,0.01909078735841851,Low Risk
5956-YHHRX,Male,1,No,No,21,Yes,Yes,Fiber optic,No,Yes,Yes,No,Yes,Yes,Month-to-month,Yes,Electronic check,104.35,2271.85,0,0,13-24 Months,High,Medium Risk,13-24 Months,1,0.6857241176929713,Medium Risk
3933-DQPWX,Female,0,No,No,50,No,No phone service,DSL,No,Yes,Yes,Yes,No,No,Two year,No,Credit card (automatic),39.7,1932.75,0,0,49+ Months,Medium,Low Risk,49+ Months,0,0.028437570995412585,Low Risk
7750-EYXWZ,Female,0,No,No,12,No,No phone service,DSL,No,Yes,Yes,Yes,Yes,Yes,One year,No,Electronic check,60.65,743.3,0,0,0-12 Months,Medium,Medium Risk,0-12 Months,0,0.19998818378264166,Low Risk
9040-KZVWO,Male,0,No,No,26,Yes,No,Fiber optic,No,Yes,No,No,No,No,One year,No,Bank transfer (automatic),75.5,2018.1,0,0,25-48 Months,High,Low Risk,25-48 Months,0,0.14333891360102546,Low Risk
3677-IYRBF,Female,1,No,No,2,No,No phone service,DSL,No,No,Yes,No,No,No,Month-to-month,Yes,Electronic check,30.4,78.65,1,0,0-12 Months,Medium,Medium Risk,0-12 Months,1,0.7370549545704588,High Risk
4501-UYKBC,Female,1,No,No,46,Yes,Yes,DSL,No,No,Yes,Yes,No,Yes,One year,Yes,Credit card (automatic),69.1,3255.35,0,0,25-48 Months,Medium,Low Risk,25-48 Months,0,0.08625018548824744,Low Risk
0345-XMMUG,Female,0,Yes,No,46,Yes,Yes,Fiber optic,No,Yes,Yes,Yes,Yes,Yes,Two year,Yes,Credit card (automatic),108.9,4854.3,0,0,25-48 Months,High,Low Risk,25-48 Months,0,0.1013020892582695,Low Risk
0310-MVLET,Female,0,Yes,Yes,61,Yes,Yes,Fiber optic,No,Yes,No,No,Yes,Yes,Month-to-month,Yes,Electronic check,99.15,6010.05,1,0,49+ Months,High,Medium Risk,49+ Months,0,0.41406982698598693,Medium Risk
4521-YEEHE,Female,0,Yes,No,18,Yes,Yes,Fiber optic,No,No,No,Yes,Yes,No,Month-to-month,Yes,Electronic check,88.85,1594.75,0,0,13-24 Months,High,Medium Risk,13-24 Months,1,0.5497377630296205,Medium Risk
6429-SHBCB,Male,0,No,No,19,Yes,Yes,DSL,No,No,No,No,Yes,Yes,Month-to-month,No,Mailed check,69.6,1394.55,0,0,13-24 Months,Medium,Medium Risk,13-24 Months,0,0.3258475080680465,Low Risk
9283-LZQOH,Male,0,Yes,Yes,13,Yes,Yes,Fiber optic,No,No,No,No,No,No,Month-to-month,Yes,Credit card (automatic),74.4,896.75,1,0,13-24 Months,High,Medium Risk,13-24 Months,0,0.47029801895925555,Medium Risk
3372-CDXFJ,Male,0,Yes,Yes,13,Yes,Yes,No,No internet service,No internet service,No internet service,No internet service,No internet service,No internet service,One year,No,Bank transfer (automatic),24.5,343.6,0,0,13-24 Months,Low,Low Risk,13-24 Months,0,0.053596021110365974,Low Risk
7075-BNDVQ,Female,0,No,No,4,No,No phone service,DSL,Yes,No,Yes,No,No,No,Month-to-month,No,Mailed check,35.0,135.75,0,0,0-12 Months,Medium,Medium Risk,0-12 Months,0,0.43446638502986795,Medium Risk
4056-QHXHZ,Female,0,Yes,Yes,72,Yes,Yes,Fiber optic,Yes,No,Yes,Yes,Yes,Yes,Two year,No,Mailed check,107.45,7576.7,0,0,49+ Months,High,Low Risk,49+ Months,0,0.03827135297069666,Low Risk
5351-QESIO,Male,0,No,Yes,1,No,No phone service,DSL,No,No,No,No,No,No,Month-to-month,No,Mailed check,24.2,24.2,0,0,0-12 Months,Low,Medium Risk,0-12 Months,0,0.44025167602025705,Medium Risk
3374-LXDEV,Female,0,No,No,13,Yes,Yes,Fiber optic,No,Yes,Yes,Yes,No,No,Month-to-month,No,Electronic check,89.4,1132.35,1,0,13-24 Months,High,Medium Risk,13-24 Months,0,0.4214467251489439,Medium Risk
1087-UDSIH,Female,0,No,No,3,Yes,No,No,No internet service,No internet service,No internet service,No internet service,No internet service,No internet service,Month-to-month,Yes,Mailed check,19.6,59.75,1,0,0-12 Months,Low,Medium Risk,0-12 Months,0,0.2622519794660507,Low Risk
3916-NRPAP,Male,0,No,No,3,Yes,No,Fiber optic,No,No,Yes,No,No,Yes,Month-to-month,No,Credit card (automatic),85.7,256.75,0,0,0-12 Months,High,High Risk,0-12 Months,1,0.6321570764459314,Medium Risk
6969-MVBAI,Female,1,No,No,9,Yes,Yes,Fiber optic,No,No,Yes,No,Yes,No,Month-to-month,Yes,Electronic check,90.1,816.8,0,0,0-12 Months,High,High Risk,0-12 Months,1,0.8265785504083574,High Risk
6319-IEJWJ,Male,0,Yes,Yes,20,Yes,No,Fiber optic,No,No,No,No,Yes,Yes,Month-to-month,Yes,Electronic check,90.2,1776.55,1,0,13-24 Months,High,Medium Risk,13-24 Months,1,0.521950015019525,Medium Risk
7912-SYRQT,Female,0,No,No,7,Yes,Yes,Fiber optic,No,No,No,No,No,No,Month-to-month,Yes,Bank transfer (automatic),75.1,552.95,1,0,0-12 Months,High,High Risk,0-12 Months,1,0.6723438252708689,Medium Risk
5539-TMZLF,Male,1,No,No,1,Yes,No,Fiber optic,No,No,No,No,No,No,Month-to-month,Yes,Electronic check,69.75,69.75,1,0,0-12 Months,Medium,Medium Risk,0-12 Months,1,0.7703346153340002,High Risk
2985-FMWYF,Female,0,No,No,23,Yes,Yes,Fiber optic,No,No,No,No,Yes,Yes,Month-to-month,Yes,Electronic check,93.5,2341.55,0,0,13-24 Months,High,Medium Risk,13-24 Months,1,0.6608392809404777,Medium Risk
9359-JANWS,Female,0,Yes,No,65,Yes,No,DSL,Yes,No,Yes,Yes,No,No,Two year,No,Credit card (automatic),58.9,3857.1,0,0,49+ Months,Medium,Low Risk,49+ Months,0,0.007162226584023174,Low Risk
3620-EHIMZ,Female,0,Yes,Yes,52,Yes,No,No,No internet service,No internet service,No internet service,No internet service,No internet service,No internet service,Two year,No,Mailed check,19.35,1031.7,0,0,49+ Months,Low,Low Risk,49+ Months,0,0.0071125669521576815,Low Risk
4026-SKKHW,Male,0,No,No,3,Yes,No,DSL,No,No,No,Yes,No,No,Month-to-month,Yes,Mailed check,50.25,152.3,0,0,0-12 Months,Medium,Medium Risk,0-12 Months,0,0.3465496854380695,Low Risk
8622-ZLFKO,Female,0,Yes,No,6,Yes,Yes,Fiber optic,No,Yes,No,No,No,Yes,Month-to-month,Yes,Electronic check,90.75,512.25,0,0,0-12 Months,High,High Risk,0-12 Months,1,0.7627557288300543,High Risk
3496-LFSZU,Male,0,Yes,No,4,Yes,No,Fiber optic,No,No,No,No,No,No,Month-to-month,No,Electronic check,70.5,294.2,0,0,0-12 Months,High,High Risk,0-12 Months,1,0.6255246252075859,Medium Risk
7398-LXGYX,Male,0,Yes,No,44,Yes,Yes,Fiber optic,Yes,No,Yes,No,No,No,Month-to-month,Yes,Credit card (automatic),84.8,3626.35,0,0,25-48 Months,High,Medium Risk,25-48 Months,0,0.2250773259312494,Low Risk
3452-ABWRL,Male,1,No,No,47,Yes,Yes,Fiber optic,No,No,No,No,Yes,No,Month-to-month,Yes,Credit card (automatic),86.05,3865.6,0,0,25-48 Months,High,Medium Risk,25-48 Months,0,0.3711835873793658,Low Risk
7351-MHQVU,Female,0,No,No,6,No,No phone service,DSL,Yes,Yes,No,Yes,No,Yes,Month-to-month,No,Credit card (automatic),50.95,307.6,0,0,0-12 Months,Medium,Medium Risk,0-12 Months,0,0.3248582391667059,Low Risk
4060-LDNLU,Male,0,No,No,7,Yes,Yes,Fiber optic,No,No,No,No,Yes,Yes,Month-to-month,No,Electronic check,96.2,639.7,0,0,0-12 Months,High,High Risk,0-12 Months,1,0.7824017977019108,High Risk
4648-YPBTM,Male,0,No,No,53,Yes,Yes,DSL,No,Yes,Yes,Yes,No,Yes,Two year,Yes,Bank transfer (automatic),73.9,3958.25,0,0,49+ Months,High,Low Risk,49+ Months,0,0.035022049510764715,Low Risk
8660-BUETV,Female,0,No,No,3,Yes,No,DSL,No,No,No,No,No,No,Month-to-month,No,Mailed check,44.75,148.05,0,0,0-12 Months,Medium,Medium Risk,0-12 Months,0,0.3718713208908591,Low Risk
1345-GKDZZ,Male,0,No,Yes,6,Yes,No,No,No internet service,No internet service,No internet service,No internet service,No internet service,No internet service,Month-to-month,No,Mailed check,19.55,128.6,0,0,0-12 Months,Low,Medium Risk,0-12 Months,0,0.1538413640518116,Low Risk
4112-LUEIZ,Male,0,No,No,10,Yes,No,Fiber optic,No,No,No,No,Yes,Yes,Month-to-month,Yes,Electronic check,89.5,863.1,1,0,0-12 Months,High,High Risk,0-12 Months,1,0.7547657916667554,High Risk
5419-KLXBN,Female,0,Yes,Yes,25,Yes,No,Fiber optic,No,Yes,Yes,No,Yes,No,Month-to-month,Yes,Bank transfer (automatic),89.15,2257.75,1,0,25-48 Months,High,Medium Risk,25-48 Months,0,0.36611162327163144,Low Risk
6233-HXJMX,Female,0,No,No,45,Yes,Yes,Fiber optic,No,No,Yes,No,No,Yes,Month-to-month,Yes,Credit card (automatic),89.3,4192.15,0,0,25-48 Months,High,Medium Risk,25-48 Months,0,0.3764799320639076,Low Risk
7398-SKNQZ,Female,0,Yes,No,3,Yes,Yes,Fiber optic,No,No,No,No,Yes,Yes,Month-to-month,No,Electronic check,94.9,273.2,0,0,0-12 Months,High,High Risk,0-12 Months,1,0.8149833952430082,High Risk
5712-PTIWW,Male,0,No,No,2,Yes,No,Fiber optic,No,No,Yes,Yes,No,No,Month-to-month,Yes,Electronic check,79.85,152.45,1,0,0-12 Months,High,High Risk,0-12 Months,1,0.6452568139367456,Medium Risk
2673-ZALNP,Female,0,No,No,7,Yes,No,No,No internet service,No internet service,No internet service,No internet service,No internet service,No internet service,One year,No,Mailed check,19.9,173.15,0,0,0-12 Months,Low,Medium Risk,0-12 Months,0,0.04827748938335204,Low Risk
6212-ATMLK,Female,0,No,No,50,Yes,Yes,Fiber optic,No,No,No,No,Yes,Yes,Month-to-month,Yes,Electronic check,95.7,4729.75,0,0,49+ Months,High,Medium Risk,49+ Months,1,0.6003547607190891,Medium Risk
9402-ROUMJ,Female,0,Yes,Yes,67,Yes,Yes,Fiber optic,Yes,No,Yes,Yes,No,Yes,One year,Yes,Bank transfer (automatic),100.25,6689.0,0,0,49+ Months,High,Low Risk,49+ Months,0,0.07735788829599072,Low Risk
0256-LTHVJ,Female,0,Yes,Yes,28,Yes,No,Fiber optic,No,No,No,No,No,Yes,Month-to-month,Yes,Electronic check,81.05,2227.1,1,0,25-48 Months,High,Medium Risk,25-48 Months,0,0.4322336294590552,Medium Risk
4785-QRJHC,Male,1,Yes,No,46,No,No phone service,DSL,No,Yes,Yes,Yes,Yes,Yes,One year,Yes,Bank transfer (automatic),59.9,2816.65,1,0,25-48 Months,Medium,Low Risk,25-48 Months,0,0.10556822947629833,Low Risk
4999-IEZLT,Male,0,No,No,66,No,No phone service,DSL,No,No,No,Yes,No,No,One year,No,Credit card (automatic),29.45,1983.15,0,0,49+ Months,Low,Low Risk,49+ Months,0,0.023099249659883886,Low Risk
7868-BGSZA,Male,0,Yes,No,43,Yes,Yes,DSL,Yes,No,Yes,No,Yes,Yes,One year,Yes,Electronic check,80.2,3581.6,0,0,25-48 Months,High,Low Risk,25-48 Months,0,0.1244576500048184,Low Risk
4237-RLAQD,Male,0,No,No,1,Yes,No,DSL,No,No,No,No,No,No,Month-to-month,Yes,Mailed check,45.85,45.85,1,0,0-12 Months,Medium,Medium Risk,0-12 Months,0,0.44990519757369696,Medium Risk
1171-TYKUR,Male,0,Yes,No,47,Yes,Yes,No,No internet service,No internet service,No internet service,No internet service,No internet service,No internet service,Month-to-month,No,Electronic check,25.4,1139.2,0,0,25-48 Months,Low,Medium Risk,25-48 Months,0,0.04804259919316942,Low Risk
6248-BSHKG,Male,0,Yes,Yes,61,Yes,No,No,No internet service,No internet service,No internet service,No internet service,No internet service,No internet service,One year,No,Mailed check,20.4,1226.45,0,0,49+ Months,Low,Low Risk,49+ Months,0,0.009189706004869415,Low Risk
6016-LVTJQ,Female,0,Yes,Yes,34,Yes,No,No,No internet service,No internet service,No internet service,No internet service,No internet service,No internet service,Month-to-month,No,Mailed check,20.65,716.4,0,0,25-48 Months,Low,Medium Risk,25-48 Months,0,0.0381259374272077,Low Risk
4667-OHGKG,Male,0,No,No,1,Yes,No,No,No internet service,No internet service,No internet service,No internet service,No internet service,No internet service,Month-to-month,Yes,Mailed check,19.3,19.3,1,0,0-12 Months,Low,Medium Risk,0-12 Months,0,0.27742211774041614,Low Risk
7781-EWARA,Male,0,Yes,Yes,70,No,No phone service,DSL,No,Yes,Yes,Yes,Yes,Yes,One year,No,Electronic check,60.35,4138.7,0,0,49+ Months,Medium,Low Risk,49+ Months,0,0.050282532406104676,Low Risk
5730-DBDSI,Male,0,No,No,66,Yes,No,No,No internet service,No internet service,No internet service,No internet service,No internet service,No internet service,Two year,No,Bank transfer (automatic),19.7,1253.8,0,0,49+ Months,Low,Low Risk,49+ Months,0,0.003980705617027566,Low Risk
9692-TUSXH,Female,0,No,No,18,Yes,No,Fiber optic,Yes,No,No,No,Yes,Yes,Month-to-month,Yes,Electronic check,96.05,1740.7,1,0,13-24 Months,High,Medium Risk,13-24 Months,1,0.5000203878029811,Medium Risk
0519-DRGTI,Female,0,Yes,Yes,20,Yes,No,No,No internet service,No internet service,No internet service,No internet service,No internet service,No internet service,Month-to-month,No,Mailed check,20.35,442.6,0,0,13-24 Months,Low,Medium Risk,13-24 Months,0,0.057618623151869365,Low Risk
3551-GAEGL,Male,0,Yes,Yes,34,No,No phone service,DSL,Yes,No,No,No,No,No,One year,No,Bank transfer (automatic),30.4,938.65,0,0,25-48 Months,Medium,Low Risk,25-48 Months,0,0.05047562728014857,Low Risk
5442-BHQNG,Female,0,No,No,2,Yes,No,Fiber optic,No,No,No,No,No,No,Month-to-month,No,Electronic check,70.35,139.25,0,0,0-12 Months,High,High Risk,0-12 Months,1,0.6537286234601255,Medium Risk
5600-KTXFM,Male,0,Yes,Yes,2,Yes,No,Fiber optic,No,No,No,No,No,No,Month-to-month,No,Mailed check,69.95,143.9,0,0,0-12 Months,Medium,Medium Risk,0-12 Months,1,0.536814905071223,Medium Risk
4445-KWOKW,Female,0,No,No,42,Yes,Yes,DSL,Yes,Yes,No,No,No,No,One year,Yes,Bank transfer (automatic),60.15,2421.6,0,0,25-48 Months,Medium,Low Risk,25-48 Months,0,0.04304584003724819,Low Risk
2959-MJHIC,Male,0,Yes,No,4,Yes,No,Fiber optic,No,No,No,No,Yes,No,Month-to-month,Yes,Electronic check,80.35,307.4,1,0,0-12 Months,High,High Risk,0-12 Months,1,0.7471103785322937,High Risk
4587-VVTOX,Female,0,Yes,No,6,Yes,Yes,Fiber optic,No,Yes,Yes,No,Yes,Yes,Month-to-month,Yes,Electronic check,105.3,545.2,1,0,0-12 Months,High,High Risk,0-12 Months,1,0.8184817140447754,High Risk
7105-MXJLL,Female,1,Yes,No,26,Yes,No,DSL,No,No,Yes,No,No,Yes,One year,No,Mailed check,60.7,1597.4,0,0,25-48 Months,Medium,Low Risk,25-48 Months,0,0.1304539432643084,Low Risk
1143-NMNQJ,Female,0,No,No,2,Yes,Yes,Fiber optic,No,No,No,No,No,Yes,Month-to-month,Yes,Electronic check,85.7,169.8,1,0,0-12 Months,High,High Risk,0-12 Months,1,0.821106537092462,High Risk
6845-RGTYS,Female,0,Yes,No,47,Yes,Yes,Fiber optic,Yes,Yes,Yes,No,Yes,No,Month-to-month,Yes,Electronic check,98.75,4533.7,1,0,25-48 Months,High,Medium Risk,25-48 Months,0,0.3078330580525785,Low Risk
3521-HTQTV,Male,0,No,No,34,Yes,Yes,No,No internet service,No internet service,No internet service,No internet service,No internet service,No internet service,Two year,No,Bank transfer (automatic),26.1,980.35,0,0,25-48 Months,Low,Low Risk,25-48 Months,0,0.015184465640849304,Low Risk
3207-OYBWH,Male,1,Yes,No,57,Yes,Yes,Fiber optic,No,Yes,Yes,No,No,Yes,Month-to-month,Yes,Bank transfer (automatic),95.25,5427.05,1,0,49+ Months,High,Medium Risk,49+ Months,0,0.38579159723646245,Low Risk
2324-AALNO,Female,0,No,No,48,Yes,Yes,No,No internet service,No internet service,No internet service,No internet service,No internet service,No internet service,One year,No,Bank transfer (automatic),24.55,1203.95,0,0,25-48 Months,Low,Low Risk,25-48 Months,0,0.01714944797168738,Low Risk
1222-LRYKO,Male,0,No,Yes,6,Yes,Yes,No,No internet service,No internet service,No internet service,No internet service,No internet service,No internet service,Month-to-month,No,Mailed check,26.35,184.05,0,0,0-12 Months,Low,Medium Risk,0-12 Months,0,0.2014378267709618,Low Risk
0015-UOCOJ,Female,1,No,No,7,Yes,No,DSL,Yes,No,No,No,No,No,Month-to-month,Yes,Electronic check,48.2,340.35,0,0,0-12 Months,Medium,Medium Risk,0-12 Months,0,0.43010040873873207,Medium Risk
7465-ZZRVX,Male,0,No,No,1,Yes,No,Fiber optic,No,No,No,No,No,No,Month-to-month,Yes,Electronic check,70.35,70.35,0,0,0-12 Months,High,High Risk,0-12 Months,1,0.7188513449871523,High Risk
2954-PIBKO,Female,0,Yes,Yes,69,Yes,Yes,DSL,Yes,No,Yes,Yes,No,No,Two year,Yes,Credit card (automatic),64.15,4254.1,0,0,49+ Months,Medium,Low Risk,49+ Months,0,0.009519826522414735,Low Risk
5006-MXVRN,Female,0,No,No,39,Yes,No,No,No internet service,No internet service,No internet service,No internet service,No internet service,No internet service,Two year,No,Credit card (automatic),20.7,762.45,0,0,25-48 Months,Low,Low Risk,25-48 Months,0,0.008836691381832533,Low Risk
8914-RBTSB,Male,0,Yes,No,31,Yes,Yes,Fiber optic,No,Yes,Yes,No,Yes,No,Month-to-month,No,Electronic check,93.8,3019.5,1,0,25-48 Months,High,Medium Risk,25-48 Months,0,0.47330698396449633,Medium Risk
5445-PZWGX,Male,0,No,No,62,Yes,Yes,Fiber optic,Yes,Yes,No,Yes,No,Yes,One year,No,Electronic check,102.0,6529.25,1,0,49+ Months,High,Low Risk,49+ Months,0,0.09616398985755453,Low Risk
8413-YNHNV,Male,0,No,No,69,Yes,Yes,DSL,Yes,Yes,Yes,Yes,Yes,Yes,Two year,No,Mailed check,90.65,6322.1,0,0,49+ Months,High,Low Risk,49+ Months,0,0.014852569062296242,Low Risk
3932-CMDTD,Female,0,No,No,4,Yes,No,Fiber optic,No,Yes,Yes,Yes,Yes,Yes,One year,Yes,Electronic check,105.65,443.9,1,0,0-12 Months,High,Medium Risk,0-12 Months,0,0.3565316114916402,Low Risk
0301-KOBTQ,Male,0,No,No,32,Yes,No,No,No internet service,No internet service,No internet service,No internet service,No internet service,No internet service,Two year,Yes,Bank transfer (automatic),20.05,614.45,0,0,25-48 Months,Low,Low Risk,25-48 Months,0,0.01521715734880789,Low Risk
9565-DJPIB,Female,0,No,Yes,4,Yes,Yes,Fiber optic,No,Yes,No,No,Yes,No,Month-to-month,No,Mailed check,89.6,365.65,1,0,0-12 Months,High,High Risk,0-12 Months,1,0.6285648670741185,Medium Risk
9591-YVTEB,Male,1,No,No,55,No,No phone service,DSL,Yes,Yes,No,No,Yes,No,Month-to-month,Yes,Electronic check,44.85,2479.05,0,0,49+ Months,Medium,Medium Risk,49+ Months,0,0.21247819729708706,Low Risk
3063-QFSZL,Female,0,No,No,1,Yes,No,DSL,No,No,No,No,No,Yes,Month-to-month,Yes,Electronic check,55.4,55.4,1,0,0-12 Months,Medium,Medium Risk,0-12 Months,1,0.5931961243799043,Medium Risk
6917-YACBP,Female,1,No,No,59,Yes,Yes,Fiber optic,Yes,Yes,Yes,No,No,No,Month-to-month,Yes,Electronic check,89.75,5496.9,0,0,49+ Months,High,Medium Risk,49+ Months,0,0.31349251273761314,Low Risk
2277-VWCNI,Female,1,No,No,4,Yes,Yes,DSL,No,No,No,No,No,No,Month-to-month,No,Mailed check,48.75,179.85,0,0,0-12 Months,Medium,Medium Risk,0-12 Months,1,0.5064022577621966,Medium Risk
9894-QMIMJ,Female,0,No,No,23,Yes,No,DSL,No,Yes,Yes,No,No,No,One year,No,Bank transfer (automatic),55.8,1327.85,0,0,13-24 Months,Medium,Low Risk,13-24 Months,0,0.06046449154089445,Low Risk
8224-KDLKN,Male,0,Yes,Yes,72,Yes,Yes,No,No internet service,No internet service,No internet service,No internet service,No internet service,No internet service,Two year,No,Bank transfer (automatic),25.0,1738.9,0,0,49+ Months,Low,Low Risk,49+ Months,0,0.0035883878034305176,Low Risk
2995-YWTCD,Female,0,Yes,Yes,19,Yes,Yes,No,No internet service,No internet service,No internet service,No internet service,No internet service,No internet service,Two year,Yes,Bank transfer (automatic),24.9,467.7,0,0,13-24 Months,Low,Low Risk,13-24 Months,0,0.026520932741697877,Low Risk
8028-PNXHQ,Male,0,Yes,Yes,62,Yes,Yes,No,No internet service,No internet service,No internet service,No internet service,No internet service,No internet service,Two year,Yes,Bank transfer (automatic),24.25,1424.6,0,0,49+ Months,Low,Low Risk,49+ Months,0,0.00777799031455088,Low Risk
4376-KFVRS,Male,0,Yes,Yes,72,Yes,Yes,Fiber optic,Yes,Yes,Yes,Yes,Yes,Yes,Two year,Yes,Credit card (automatic),114.05,8468.2,0,0,49+ Months,High,Low Risk,49+ Months,0,0.044214791823090925,Low Risk
8258-GSTJK,Male,1,No,No,3,Yes,Yes,Fiber optic,No,No,No,No,No,No,Month-to-month,Yes,Electronic check,77.0,237.75,1,0,0-12 Months,High,High Risk,0-12 Months,1,0.8008365039873542,High Risk
6661-HBGWL,Female,1,No,No,42,Yes,Yes,Fiber optic,No,Yes,Yes,No,Yes,Yes,Month-to-month,Yes,Bank transfer (automatic),104.75,4323.45,1,0,25-48 Months,High,Medium Risk,25-48 Months,0,0.4719104190348611,Medium Risk
1849-RJYIG,Female,0,No,No,8,Yes,No,DSL,Yes,No,No,No,Yes,No,Month-to-month,Yes,Electronic check,60.0,487.75,0,0,0-12 Months,Medium,Medium Risk,0-12 Months,0,0.42818789748395764,Medium Risk
0886-QGENL,Female,1,Yes,No,27,Yes,No,Fiber optic,Yes,No,Yes,No,Yes,Yes,Month-to-month,Yes,Electronic check,101.25,2754.45,1,0,25-48 Months,High,Medium Risk,25-48 Months,1,0.544263760156979,Medium Risk
4415-IJZTP,Female,0,No,No,1,Yes,Yes,Fiber optic,No,No,No,No,No,No,Month-to-month,Yes,Electronic check,74.5,74.5,1,0,0-12 Months,High,High Risk,0-12 Months,1,0.7943495559279546,High Risk
5419-CONWX,Female,1,No,No,4,Yes,No,Fiber optic,No,Yes,Yes,No,Yes,Yes,Month-to-month,Yes,Credit card (automatic),99.8,442.85,1,0,0-12 Months,High,High Risk,0-12 Months,1,0.7598940551005725,High Risk
6124-ACRHJ,Female,0,No,No,1,Yes,No,No,No internet service,No internet service,No internet service,No internet service,No internet service,No internet service,Month-to-month,No,Mailed check,19.75,19.75,0,0,0-12 Months,Low,Medium Risk,0-12 Months,0,0.22620911157864987,Low Risk
0376-YMCJC,Male,0,No,No,23,Yes,Yes,Fiber optic,No,No,No,Yes,Yes,No,Month-to-month,Yes,Electronic check,90.6,1943.2,1,0,13-24 Months,High,Medium Risk,13-24 Months,0,0.48288762757500797,Medium Risk
9039-RBEEE,Male,0,No,No,39,No,No phone service,DSL,Yes,Yes,No,Yes,Yes,No,Month-to-month,Yes,Credit card (automatic),48.95,1880.85,1,0,25-48 Months,Medium,Medium Risk,25-48 Months,0,0.11751246939134584,Low Risk
9369-XFEHK,Female,1,Yes,No,33,Yes,Yes,Fiber optic,No,Yes,No,No,No,No,Month-to-month,Yes,Bank transfer (automatic),80.6,2656.5,1,0,25-48 Months,High,Medium Risk,25-48 Months,0,0.3823353442560578,Low Risk
6345-ULYRW,Male,1,Yes,No,44,Yes,Yes,Fiber optic,No,Yes,No,No,No,Yes,One year,No,Mailed check,88.4,3912.9,1,0,25-48 Months,High,Low Risk,25-48 Months,0,0.1804452075375482,Low Risk
7180-PISOG,Male,0,Yes,Yes,1,Yes,Yes,Fiber optic,No,No,No,No,No,No,Month-to-month,Yes,Electronic check,74.5,74.5,1,0,0-12 Months,High,High Risk,0-12 Months,1,0.750878832791722,High Risk
8069-RHUXK,Female,0,Yes,Yes,67,No,No phone service,DSL,Yes,No,No,Yes,No,No,Two year,No,Credit card (automatic),35.7,2545.7,0,0,49+ Months,Medium,Low Risk,49+ Months,0,0.007867832205797898,Low Risk
5696-JVVQY,Female,0,Yes,Yes,48,Yes,No,DSL,Yes,Yes,Yes,No,No,Yes,Two year,Yes,Credit card (automatic),70.1,3238.4,0,0,25-48 Months,High,Low Risk,25-48 Months,0,0.013109633216099927,Low Risk
0895-LNKRC,Male,0,Yes,Yes,6,Yes,No,No,No internet service,No internet service,No internet service,No internet service,No internet service,No internet service,One year,No,Mailed check,19.45,113.5,0,0,0-12 Months,Low,Medium Risk,0-12 Months,0,0.04010484594773647,Low Risk
2778-OCLGR,Male,1,Yes,No,24,No,No phone service,DSL,Yes,No,No,No,No,Yes,Month-to-month,No,Bank transfer (automatic),39.1,971.3,1,0,13-24 Months,Medium,Medium Risk,13-24 Months,0,0.21775826969210793,Low Risk
5702-SKUOB,Female,0,Yes,No,4,Yes,No,No,No internet service,No internet service,No internet service,No internet service,No internet service,No internet service,Month-to-month,No,Mailed check,19.6,93.45,0,0,0-12 Months,Low,Medium Risk,0-12 Months,0,0.20094495337869445,Low Risk
6260-XLACS,Male,0,No,No,4,Yes,No,No,No internet service,No internet service,No internet service,No internet service,No internet service,No internet service,One year,No,Mailed check,19.7,117.8,0,0,0-12 Months,Low,Medium Risk,0-12 Months,0,0.05430194036770539,Low Risk
5820-PTRYM,Female,1,Yes,No,56,Yes,Yes,DSL,Yes,Yes,Yes,Yes,No,No,One year,Yes,Credit card (automatic),68.45,4014.0,0,0,49+ Months,Medium,Low Risk,49+ Months,0,0.046826936957135995,Low Risk
9251-AWQGT,Female,0,Yes,Yes,48,Yes,No,No,No internet service,No internet service,No internet service,No internet service,No internet service,No internet service,Two year,No,Mailed check,20.0,935.9,0,0,25-48 Months,Low,Low Risk,25-48 Months,0,0.004722728182209785,Low Risk
1716-LSAMB,Male,0,Yes,Yes,45,Yes,No,DSL,Yes,No,No,Yes,No,No,Two year,No,Bank transfer (automatic),54.65,2553.7,0,0,25-48 Months,Medium,Low Risk,25-48 Months,0,0.0063947746557861205,Low Risk
5829-NVSQN,Female,0,Yes,No,23,Yes,No,DSL,Yes,No,Yes,Yes,No,Yes,One year,Yes,Bank transfer (automatic),68.75,1689.45,0,0,13-24 Months,Medium,Low Risk,13-24 Months,0,0.06247288365022127,Low Risk
5605-XNWEN,Male,1,Yes,No,72,Yes,Yes,No,No internet service,No internet service,No internet service,No internet service,No internet service,No internet service,Two year,Yes,Bank transfer (automatic),25.0,1802.55,0,0,49+ Months,Low,Low Risk,49+ Months,0,0.007323910704293155,Low Risk
9986-BONCE,Female,0,No,No,4,Yes,No,No,No internet service,No internet service,No internet service,No internet service,No internet service,No internet service,Month-to-month,No,Bank transfer (automatic),20.95,85.5,1,0,0-12 Months,Low,Medium Risk,0-12 Months,0,0.1850004509982176,Low Risk
8849-GYOKR,Female,0,Yes,No,54,Yes,Yes,Fiber optic,Yes,Yes,No,No,Yes,Yes,One year,No,Bank transfer (automatic),106.55,5763.3,1,0,49+ Months,High,Low Risk,49+ Months,0,0.1610106812304801,Low Risk
7130-YXBRO,Male,0,Yes,No,48,Yes,Yes,Fiber optic,Yes,Yes,Yes,No,Yes,Yes,Month-to-month,Yes,Bank transfer (automatic),111.45,5315.1,0,0,25-48 Months,High,Medium Risk,25-48 Months,0,0.2726294118711529,Low Risk
2495-INZWQ,Male,0,No,No,4,No,No phone service,DSL,No,No,No,No,Yes,Yes,Month-to-month,Yes,Electronic check,44.55,174.3,1,0,0-12 Months,Medium,Medium Risk,0-12 Months,1,0.7674652044171995,High Risk
7351-KYHQH,Female,1,No,No,7,Yes,No,DSL,No,Yes,Yes,No,Yes,No,Month-to-month,Yes,Electronic check,64.95,493.65,0,0,0-12 Months,Medium,Medium Risk,0-12 Months,1,0.56111626488485,Medium Risk
1376-HHBDV,Female,0,No,No,30,Yes,No,DSL,Yes,No,No,No,No,No,Month-to-month,Yes,Mailed check,48.8,1536.75,0,0,25-48 Months,Medium,Medium Risk,25-48 Months,0,0.12208774453193011,Low Risk
9465-RWMXL,Male,0,Yes,No,32,Yes,Yes,Fiber optic,No,No,Yes,No,No,No,Month-to-month,Yes,Electronic check,78.9,2447.95,1,0,25-48 Months,High,Medium Risk,25-48 Months,0,0.48971497592988944,Medium Risk
7969-FFOWG,Male,0,Yes,Yes,65,Yes,No,No,No internet service,No internet service,No internet service,No internet service,No internet service,No internet service,Two year,No,Mailed check,19.9,1292.6,0,0,49+ Months,Low,Low Risk,49+ Months,0,0.003639850308311575,Low Risk
2599-CZABP,Male,0,Yes,No,14,Yes,No,DSL,No,No,No,No,No,No,One year,No,Electronic check,44.6,641.25,0,0,13-24 Months,Medium,Low Risk,13-24 Months,0,0.1336825287373549,Low Risk
1757-TCATG,Male,0,Yes,Yes,35,Yes,No,No,No internet service,No internet service,No internet service,No internet service,No internet service,No internet service,One year,No,Bank transfer (automatic),20.05,746.75,0,0,25-48 Months,Low,Low Risk,25-48 Months,0,0.0168246347097929,Low Risk
7181-BQYBV,Female,0,Yes,Yes,1,Yes,Yes,Fiber optic,Yes,No,Yes,No,Yes,Yes,Month-to-month,Yes,Electronic check,102.45,102.45,1,0,0-12 Months,High,High Risk,0-12 Months,1,0.791579561693734,High Risk
7571-YXDAD,Female,0,No,No,2,Yes,Yes,Fiber optic,No,No,No,No,No,No,Month-to-month,No,Credit card (automatic),74.9,147.15,1,0,0-12 Months,High,High Risk,0-12 Months,1,0.6684630106545253,Medium Risk
3807-XHCJH,Female,0,Yes,Yes,1,Yes,No,No,No internet service,No internet service,No internet service,No internet service,No internet service,No internet service,Month-to-month,No,Electronic check,20.0,20.0,0,0,0-12 Months,Low,Medium Risk,0-12 Months,0,0.23904784376040578,Low Risk
9318-NKNFC,Male,0,No,No,1,Yes,No,No,No internet service,No internet service,No internet service,No internet service,No internet service,No internet service,Month-to-month,Yes,Mailed check,18.85,18.85,1,0,0-12 Months,Low,Medium Risk,0-12 Months,0,0.27962213615500503,Low Risk
9602-WCXPI,Male,0,No,No,50,Yes,No,No,No internet service,No internet service,No internet service,No internet service,No internet service,No internet service,One year,No,Credit card (automatic),20.15,989.05,0,0,49+ Months,Low,Low Risk,49+ Months,0,0.019215720294324595,Low Risk
9050-IKDZA,Female,1,No,No,2,Yes,No,Fiber optic,No,No,No,No,Yes,No,Month-to-month,No,Mailed check,81.5,162.55,0,0,0-12 Months,High,High Risk,0-12 Months,1,0.6891876466021243,Medium Risk
8443-ZRDBZ,Male,0,No,No,4,Yes,Yes,Fiber optic,No,No,No,No,No,No,Month-to-month,Yes,Electronic check,76.05,318.9,1,0,0-12 Months,High,High Risk,0-12 Months,1,0.7624444259382744,High Risk
8739-WWKDU,Male,1,No,No,25,Yes,Yes,Fiber optic,No,Yes,No,No,Yes,No,Month-to-month,Yes,Electronic check,89.5,2196.15,1,0,25-48 Months,High,Medium Risk,25-48 Months,1,0.629205860174295,Medium Risk
6896-SRVYQ,Male,1,No,No,44,Yes,No,Fiber optic,No,No,Yes,No,No,No,Month-to-month,No,Electronic check,73.85,3122.4,0,0,25-48 Months,High,Medium Risk,25-48 Months,0,0.26976793401379917,Low Risk
2023-VQFDL,Male,0,No,No,18,Yes,No,No,No internet service,No internet service,No internet service,No internet service,No internet service,No internet service,Month-to-month,No,Electronic check,19.0,348.8,0,0,13-24 Months,Low,Medium Risk,13-24 Months,0,0.10151511880490696,Low Risk
6968-GMKPR,Female,0,No,No,55,Yes,No,Fiber optic,No,Yes,Yes,No,No,No,Month-to-month,Yes,Electronic check,81.55,4509.5,0,0,49+ Months,High,Medium Risk,49+ Months,0,0.28458169432590225,Low Risk
5555-RNPGT,Male,0,No,Yes,10,Yes,Yes,No,No internet service,No internet service,No internet service,No internet service,No internet service,No internet service,Month-to-month,No,Credit card (automatic),24.8,223.9,0,0,0-12 Months,Low,Medium Risk,0-12 Months,0,0.17490967862518056,Low Risk
5955-EPOAZ,Female,0,No,No,6,Yes,No,No,No internet service,No internet service,No internet service,No internet service,No internet service,No internet service,Month-to-month,Yes,Mailed check,20.95,109.5,0,0,0-12 Months,Low,Medium Risk,0-12 Months,0,0.22886067127239804,Low Risk
1448-PWKYE,Male,0,Yes,Yes,1,Yes,No,Fiber optic,No,No,No,No,No,Yes,Month-to-month,No,Electronic check,80.0,80.0,1,0,0-12 Months,High,High Risk,0-12 Months,1,0.6634882329391083,Medium Risk
3413-CSSTH,Male,0,No,No,41,Yes,Yes,DSL,No,No,Yes,No,No,No,Month-to-month,Yes,Bank transfer (automatic),55.7,2237.55,0,0,25-48 Months,Medium,Medium Risk,25-48 Months,0,0.14572883611420454,Low Risk
7018-FPXHH,Male,0,Yes,Yes,56,Yes,No,DSL,Yes,Yes,Yes,No,No,No,Two year,Yes,Bank transfer (automatic),59.8,3457.45,0,0,49+ Months,Medium,Low Risk,49+ Months,0,0.012247844520023842,Low Risk
2798-NYLMZ,Male,0,Yes,No,71,Yes,Yes,Fiber optic,Yes,No,Yes,Yes,Yes,Yes,Two year,Yes,Credit card (automatic),108.55,7616.0,0,0,49+ Months,High,Low Risk,49+ Months,0,0.061026266448708476,Low Risk
8194-PEEBY,Female,0,Yes,Yes,24,Yes,No,No,No internet service,No internet service,No internet service,No internet service,No internet service,No internet service,One year,No,Mailed check,19.9,533.5,0,0,13-24 Months,Low,Low Risk,13-24 Months,0,0.02464991895586691,Low Risk
6048-QBXKL,Female,1,No,No,2,Yes,Yes,DSL,No,Yes,No,No,No,No,Month-to-month,Yes,Credit card (automatic),56.55,118.25,0,0,0-12 Months,Medium,Medium Risk,0-12 Months,1,0.5353647267090412,Medium Risk
5356-CSVSQ,Female,0,No,No,3,Yes,Yes,DSL,No,No,No,Yes,Yes,No,Month-to-month,No,Electronic check,64.6,174.2,0,0,0-12 Months,Medium,Medium Risk,0-12 Months,1,0.51517773021508,Medium Risk
3612-YVGSJ,Female,0,Yes,No,71,Yes,Yes,No,No internet service,No internet service,No internet service,No internet service,No internet service,No internet service,Two year,Yes,Credit card (automatic),24.45,1681.6,0,0,49+ Months,Low,Low Risk,49+ Months,0,0.0068566414684645815,Low Risk
9025-ZRPVR,Male,0,No,No,9,Yes,No,No,No internet service,No internet service,No internet service,No internet service,No internet service,No internet service,Month-to-month,Yes,Mailed check,18.95,185.6,1,0,0-12 Months,Low,Medium Risk,0-12 Months,0,0.20799436157787543,Low Risk
6646-VRFOL,Male,1,Yes,No,53,Yes,Yes,Fiber optic,No,Yes,Yes,No,Yes,Yes,Month-to-month,Yes,Electronic check,103.85,5485.5,1,0,49+ Months,High,Medium Risk,49+ Months,1,0.6072991266565072,Medium Risk
1036-GUDCL,Male,0,Yes,Yes,60,Yes,No,DSL,Yes,Yes,No,Yes,Yes,Yes,Month-to-month,Yes,Credit card (automatic),79.05,4663.4,0,0,49+ Months,High,Medium Risk,49+ Months,0,0.055579058367182944,Low Risk
0020-INWCK,Female,0,Yes,Yes,71,Yes,Yes,Fiber optic,No,Yes,Yes,No,No,Yes,Two year,Yes,Credit card (automatic),95.75,6849.4,0,0,49+ Months,High,Low Risk,49+ Months,0,0.059023690330755246,Low Risk
4824-GUCBY,Female,1,No,No,22,Yes,No,Fiber optic,Yes,Yes,No,No,No,No,Month-to-month,No,Electronic check,81.7,1820.9,0,0,13-24 Months,High,Medium Risk,13-24 Months,0,0.2702221152688607,Low Risk
7666-WKRON,Female,0,No,No,39,Yes,No,Fiber optic,No,No,Yes,Yes,No,No,Two year,Yes,Electronic check,80.45,3201.55,1,0,25-48 Months,High,Low Risk,25-48 Months,0,0.07820968199665594,Low Risk
6608-QQLVK,Male,0,No,No,1,Yes,No,DSL,No,No,Yes,No,No,No,Month-to-month,Yes,Electronic check,50.5,50.5,1,0,0-12 Months,Medium,Medium Risk,0-12 Months,1,0.5383592305258575,Medium Risk
4378-BZYFP,Male,0,No,No,17,Yes,No,No,No internet service,No internet service,No internet service,No internet service,No internet service,No internet service,One year,Yes,Mailed check,20.5,365.8,0,0,13-24 Months,Low,Low Risk,13-24 Months,0,0.053454197202142735,Low Risk
4633-MKHYU,Female,0,No,No,9,Yes,No,Fiber optic,No,No,No,No,Yes,Yes,Month-to-month,Yes,Mailed check,88.4,788.6,0,0,0-12 Months,High,High Risk,0-12 Months,1,0.7152660599968537,High Risk
8637-XJIVR,Female,0,No,No,12,Yes,Yes,Fiber optic,Yes,No,No,No,No,No,Month-to-month,Yes,Electronic check,78.95,927.35,1,0,0-12 Months,High,High Risk,0-12 Months,1,0.6240527277286441,Medium Risk
3778-FOAQW,Female,0,Yes,No,24,Yes,No,No,No internet service,No internet service,No internet service,No internet service,No internet service,No internet service,One year,No,Mailed check,20.15,456.85,0,0,13-24 Months,Low,Low Risk,13-24 Months,0,0.02974777971155826,Low Risk
2057-ZBLPD,Female,0,Yes,No,21,Yes,Yes,Fiber optic,No,No,No,No,No,Yes,Month-to-month,Yes,Electronic check,86.5,1808.7,1,0,13-24 Months,High,Medium Risk,13-24 Months,1,0.5829974323622914,Medium Risk
0931-MHTEM,Female,0,No,No,54,Yes,No,Fiber optic,Yes,Yes,No,No,Yes,Yes,One year,Yes,Credit card (automatic),100.05,5299.65,0,0,49+ Months,High,Low Risk,49+ Months,0,0.15746032939755467,Low Risk
1240-KNSEZ,Male,0,No,No,1,Yes,No,No,No internet service,No internet service,No internet service,No internet service,No internet service,No internet service,Month-to-month,Yes,Mailed check,20.1,20.1,1,0,0-12 Months,Low,Medium Risk,0-12 Months,0,0.27353741745519294,Low Risk
1963-VAUKV,Female,0,No,No,1,Yes,No,No,No internet service,No internet service,No internet service,No internet service,No internet service,No internet service,Month-to-month,No,Mailed check,20.4,20.4,1,0,0-12 Months,Low,Medium Risk,0-12 Months,0,0.22345301444991772,Low Risk
9227-YBAXE,Female,0,Yes,Yes,65,Yes,Yes,DSL,Yes,Yes,No,Yes,Yes,Yes,Two year,Yes,Bank transfer (automatic),82.5,5215.1,0,0,49+ Months,High,Low Risk,49+ Months,0,0.01632840562227803,Low Risk
5049-MUBWG,Male,0,No,No,26,Yes,No,DSL,Yes,No,No,Yes,Yes,Yes,One year,No,Bank transfer (automatic),75.0,1908.35,0,0,25-48 Months,High,Low Risk,25-48 Months,0,0.06092217485309568,Low Risk
6821-BUXUX,Female,0,No,No,13,Yes,Yes,Fiber optic,Yes,Yes,No,No,Yes,No,Month-to-month,Yes,Electronic check,96.65,1244.5,1,0,13-24 Months,High,Medium Risk,13-24 Months,1,0.5271574196756,Medium Risk
7594-LZNWR,Male,1,No,No,34,Yes,No,Fiber optic,No,No,No,No,No,No,Month-to-month,No,Credit card (automatic),69.15,2275.1,0,0,25-48 Months,Medium,Medium Risk,25-48 Months,0,0.28594731071186114,Low Risk
2509-TFPJU,Male,0,Yes,No,72,Yes,Yes,No,No internet service,No internet service,No internet service,No internet service,No internet service,No internet service,Two year,No,Credit card (automatic),25.75,1864.2,0,0,49+ Months,Low,Low Risk,49+ Months,0,0.004726959125962096,Low Risk
3908-BLSYF,Female,0,No,No,6,Yes,No,Fiber optic,No,No,Yes,No,No,Yes,Month-to-month,No,Electronic check,83.9,497.55,1,0,0-12 Months,High,High Risk,0-12 Months,1,0.6905847730988682,Medium Risk
4873-ILOLJ,Male,0,No,No,24,Yes,No,Fiber optic,No,No,No,No,Yes,Yes,Month-to-month,Yes,Electronic check,90.35,2238.5,1,0,13-24 Months,High,Medium Risk,13-24 Months,1,0.5410099401689517,Medium Risk
3594-IVHJZ,Female,0,No,No,2,Yes,No,No,No internet service,No internet service,No internet service,No internet service,No internet service,No internet service,Month-to-month,Yes,Mailed check,20.45,42.45,0,0,0-12 Months,Low,Medium Risk,0-12 Months,0,0.2677518374552519,Low Risk
6218-KNUBD,Male,0,No,No,6,Yes,No,DSL,No,Yes,No,No,Yes,No,Month-to-month,No,Electronic check,59.45,357.6,0,0,0-12 Months,Medium,Medium Risk,0-12 Months,0,0.42984621057047584,Medium Risk
5067-WJEUN,Male,0,Yes,Yes,67,Yes,No,DSL,Yes,Yes,No,No,No,No,Two year,Yes,Bank transfer (automatic),54.2,3838.2,0,0,49+ Months,Medium,Low Risk,49+ Months,0,0.00714058848630509,Low Risk
3780-DDGSE,Male,1,Yes,Yes,35,Yes,No,DSL,No,Yes,No,Yes,Yes,Yes,Month-to-month,Yes,Electronic check,76.05,2747.2,0,0,25-48 Months,High,Medium Risk,25-48 Months,0,0.17891528473338017,Low Risk
3689-MOZGR,Female,0,No,No,29,No,No phone service,DSL,No,No,No,Yes,No,No,Month-to-month,Yes,Electronic check,31.2,926.2,0,0,25-48 Months,Medium,Medium Risk,25-48 Months,0,0.26311715918361844,Low Risk
4223-BKEOR,Female,0,No,Yes,21,Yes,No,DSL,Yes,No,Yes,No,No,Yes,One year,No,Mailed check,64.85,1336.8,0,0,13-24 Months,Medium,Low Risk,13-24 Months,0,0.061033682925637184,Low Risk
0064-YIJGF,Male,0,Yes,Yes,27,Yes,Yes,Fiber optic,No,No,No,No,No,No,Month-to-month,Yes,Bank transfer (automatic),75.75,1929.0,0,0,25-48 Months,High,Medium Risk,25-48 Months,0,0.3688665258137533,Low Risk
0616-ATFGB,Male,1,Yes,No,1,No,No phone service,DSL,No,No,No,No,No,No,Month-to-month,No,Electronic check,25.05,25.05,1,0,0-12 Months,Low,Medium Risk,0-12 Months,1,0.6097831669623648,Medium Risk
3967-KXAPS,Male,0,Yes,No,72,Yes,Yes,DSL,Yes,Yes,Yes,Yes,Yes,Yes,Two year,No,Credit card (automatic),92.3,6719.9,0,0,49+ Months,High,Low Risk,49+ Months,0,0.012684919811401876,Low Risk
5339-TJFEK,Male,0,Yes,Yes,62,Yes,Yes,Fiber optic,Yes,Yes,No,No,Yes,Yes,Month-to-month,Yes,Electronic check,105.5,6487.2,0,0,49+ Months,High,Medium Risk,49+ Months,0,0.3091136637675451,Low Risk
0365-BZUWY,Male,0,Yes,No,17,Yes,Yes,Fiber optic,No,Yes,Yes,No,Yes,Yes,Month-to-month,Yes,Electronic check,102.55,1742.5,0,0,13-24 Months,High,Medium Risk,13-24 Months,1,0.676117106601542,Medium Risk
1236-WFCDV,Male,1,No,No,14,Yes,No,Fiber optic,No,No,No,No,Yes,Yes,Month-to-month,No,Credit card (automatic),90.45,1266.1,1,0,13-24 Months,High,Medium Risk,13-24 Months,1,0.5369554946358789,Medium Risk
0330-IVZHA,Female,0,Yes,No,5,Yes,No,Fiber optic,No,No,No,No,No,No,Month-to-month,No,Electronic check,69.95,330.15,1,0,0-12 Months,Medium,Medium Risk,0-12 Months,1,0.6354908365937136,Medium Risk
6910-HADCM,Female,0,No,No,1,Yes,No,Fiber optic,No,No,Yes,No,No,No,Month-to-month,No,Electronic check,76.35,76.35,1,0,0-12 Months,High,High Risk,0-12 Months,1,0.6683267072108897,Medium Risk
3094-JOJAI,Male,0,No,No,18,Yes,Yes,Fiber optic,No,No,No,No,No,No,Month-to-month,No,Mailed check,74.15,1387.0,0,0,13-24 Months,High,Medium Risk,13-24 Months,0,0.41149873058345837,Medium Risk
3594-UVONA,Female,0,No,No,35,Yes,Yes,DSL,Yes,No,Yes,Yes,Yes,Yes,One year,Yes,Credit card (automatic),85.95,3110.1,1,0,25-48 Months,High,Low Risk,25-48 Months,0,0.094786258328212,Low Risk
2138-VFAPZ,Female,0,Yes,Yes,14,Yes,No,No,No internet service,No internet service,No internet service,No internet service,No internet service,No internet service,Two year,Yes,Mailed check,19.7,263.65,0,0,13-24 Months,Low,Low Risk,13-24 Months,0,0.02521642317370137,Low Risk
4641-FROLU,Female,0,Yes,Yes,30,Yes,No,No,No internet service,No internet service,No internet service,No internet service,No internet service,No internet service,Two year,No,Mailed check,19.3,602.9,0,0,25-48 Months,Low,Low Risk,25-48 Months,0,0.01149953034111473,Low Risk
7018-WBJNK,Male,0,No,Yes,13,Yes,No,Fiber optic,No,No,No,No,Yes,No,Month-to-month,Yes,Credit card (automatic),78.3,1033.95,0,0,13-24 Months,High,Medium Risk,13-24 Months,0,0.4624636972158998,Medium Risk
0083-PIVIK,Male,0,No,No,64,Yes,Yes,DSL,Yes,Yes,Yes,Yes,Yes,No,One year,No,Electronic check,81.25,5567.55,0,0,49+ Months,High,Low Risk,49+ Months,0,0.037213096331237476,Low Risk
1429-UYJSV,Female,0,No,No,12,Yes,No,No,No internet service,No internet service,No internet service,No internet service,No internet service,No internet service,One year,No,Mailed check,19.7,260.9,0,0,0-12 Months,Low,Medium Risk,0-12 Months,0,0.03836721753621574,Low Risk
7115-IRDHS,Female,0,Yes,No,72,Yes,Yes,No,No internet service,No internet service,No internet service,No internet service,No internet service,No internet service,Two year,No,Bank transfer (automatic),24.65,1830.05,0,0,49+ Months,Low,Low Risk,49+ Months,0,0.004646006262353549,Low Risk
3164-YAXFY,Male,0,No,No,57,No,No phone service,DSL,Yes,No,Yes,No,Yes,Yes,Month-to-month,Yes,Electronic check,53.75,3196.0,0,0,49+ Months,Medium,Medium Risk,49+ Months,0,0.2653095311727503,Low Risk
0916-KNFAJ,Male,0,Yes,No,61,Yes,Yes,DSL,Yes,No,Yes,No,No,Yes,Two year,Yes,Mailed check,69.9,4226.7,0,0,49+ Months,Medium,Low Risk,49+ Months,0,0.03044098910046482,Low Risk
3244-CQPHU,Female,1,No,No,72,Yes,Yes,Fiber optic,Yes,Yes,No,Yes,Yes,Yes,Two year,Yes,Bank transfer (automatic),110.1,7746.7,0,0,49+ Months,High,Low Risk,49+ Months,0,0.054207264880562836,Low Risk
6445-TNRXS,Male,0,Yes,Yes,68,Yes,Yes,Fiber optic,Yes,Yes,Yes,Yes,Yes,Yes,Two year,Yes,Bank transfer (automatic),114.7,7849.85,0,0,49+ Months,High,Low Risk,49+ Months,0,0.045721359769645725,Low Risk
3211-ILJTT,Male,0,Yes,No,17,Yes,No,Fiber optic,No,No,No,No,No,No,Month-to-month,Yes,Bank transfer (automatic),70.4,1214.05,1,0,13-24 Months,High,Medium Risk,13-24 Months,0,0.3717772947919991,Low Risk
3890-RTCMS,Male,0,No,No,16,Yes,No,DSL,No,No,No,Yes,No,No,Month-to-month,Yes,Mailed check,49.45,799.0,0,0,13-24 Months,Medium,Medium Risk,13-24 Months,0,0.16751260716275848,Low Risk
3724-BSCVH,Male,0,Yes,Yes,10,Yes,No,No,No internet service,No internet service,No internet service,No internet service,No internet service,No internet service,One year,No,Mailed check,20.45,242.4,0,0,0-12 Months,Low,Medium Risk,0-12 Months,0,0.03268984765990834,Low Risk
1768-ZAIFU,Female,1,No,No,1,No,No phone service,DSL,No,No,No,No,No,No,Month-to-month,Yes,Electronic check,25.2,25.2,1,0,0-12 Months,Low,Medium Risk,0-12 Months,1,0.6834612547999688,Medium Risk
7432-FFVAR,Female,0,Yes,Yes,46,Yes,No,Fiber optic,No,No,Yes,Yes,No,Yes,One year,No,Bank transfer (automatic),90.95,4236.6,0,0,25-48 Months,High,Low Risk,25-48 Months,0,0.06967192959939683,Low Risk
6682-QJDGB,Male,0,No,Yes,40,Yes,No,DSL,Yes,Yes,No,No,No,No,Month-to-month,Yes,Mailed check,55.25,2139.2,1,0,25-48 Months,Medium,Medium Risk,25-48 Months,0,0.05402914154546649,Low Risk
3635-QQRQD,Male,0,No,No,62,Yes,No,No,No internet service,No internet service,No internet service,No internet service,No internet service,No internet service,Two year,Yes,Credit card (automatic),20.05,1201.65,0,0,49+ Months,Low,Low Risk,49+ Months,0,0.006853490913347483,Low Risk
7251-XFOIL,Female,0,No,No,61,Yes,Yes,Fiber optic,No,No,Yes,No,No,Yes,Month-to-month,No,Mailed check,89.2,5500.6,0,0,49+ Months,High,Medium Risk,49+ Months,0,0.30381967584158914,Low Risk
3926-CUQZX,Male,0,No,No,1,Yes,No,DSL,No,No,No,No,No,No,Month-to-month,Yes,Bank transfer (automatic),45.1,45.1,1,0,0-12 Months,Medium,Medium Risk,0-12 Months,0,0.43504822073326505,Medium Risk
9972-VAFJJ,Female,1,Yes,No,53,Yes,No,Fiber optic,No,Yes,Yes,Yes,Yes,No,One year,Yes,Electronic check,94.0,4871.45,0,0,49+ Months,High,Low Risk,49+ Months,0,0.21544838161196456,Low Risk
6542-LWGXJ,Male,0,Yes,No,3,No,No phone service,DSL,No,No,No,No,No,No,Month-to-month,No,Mailed check,25.0,78.25,0,0,0-12 Months,Low,Medium Risk,0-12 Months,0,0.461329711069892,Medium Risk
7343-EOBEU,Male,0,Yes,No,3,Yes,Yes,No,No internet service,No internet service,No internet service,No internet service,No internet service,No internet service,Month-to-month,Yes,Mailed check,23.6,89.05,0,0,0-12 Months,Low,Medium Risk,0-12 Months,0,0.3362981355180188,Low Risk
5899-OUVKV,Male,0,No,No,31,Yes,No,Fiber optic,No,Yes,No,No,Yes,Yes,Month-to-month,Yes,Electronic check,94.5,2979.2,0,0,25-48 Months,High,Medium Risk,25-48 Months,0,0.4996961229963634,Medium Risk
1074-AMIOH,Female,0,Yes,Yes,53,Yes,No,Fiber optic,No,Yes,Yes,Yes,Yes,Yes,Month-to-month,Yes,Bank transfer (automatic),108.25,5935.1,0,0,49+ Months,High,Medium Risk,49+ Months,0,0.24980247904901137,Low Risk
9152-AMKAK,Male,0,No,No,6,Yes,No,DSL,Yes,No,Yes,Yes,Yes,Yes,Two year,Yes,Mailed check,80.25,493.4,0,0,0-12 Months,High,Medium Risk,0-12 Months,0,0.05471280206569557,Low Risk
6833-JMZYP,Female,0,No,No,15,Yes,No,Fiber optic,No,No,Yes,No,Yes,Yes,Month-to-month,Yes,Credit card (automatic),94.0,1505.45,0,0,13-24 Months,High,Medium Risk,13-24 Months,1,0.579637690030705,Medium Risk
3398-GCPMU,Female,1,Yes,Yes,72,Yes,Yes,DSL,Yes,Yes,Yes,Yes,Yes,Yes,Two year,Yes,Credit card (automatic),89.55,6448.85,0,0,49+ Months,High,Low Risk,49+ Months,0,0.01779896140038173,Low Risk
3391-JSQEW,Male,0,Yes,No,40,Yes,No,DSL,No,Yes,No,No,No,No,Month-to-month,Yes,Mailed check,50.15,2058.5,0,0,25-48 Months,Medium,Medium Risk,25-48 Months,0,0.09459486868833342,Low Risk
7239-HZZCX,Male,0,No,No,1,Yes,No,No,No internet service,No internet service,No internet service,No internet service,No internet service,No internet service,Month-to-month,No,Mailed check,19.75,19.75,1,0,0-12 Months,Low,Medium Risk,0-12 Months,0,0.22141896613411935,Low Risk
2908-ZTPNF,Female,0,No,No,36,No,No phone service,DSL,No,Yes,No,Yes,No,No,Month-to-month,Yes,Bank transfer (automatic),34.85,1267.2,0,0,25-48 Months,Medium,Medium Risk,25-48 Months,0,0.133190336443209,Low Risk
6979-ZNSFF,Female,0,No,No,8,Yes,Yes,Fiber optic,No,No,No,No,Yes,No,Month-to-month,Yes,Electronic check,87.05,762.1,1,0,0-12 Months,High,High Risk,0-12 Months,1,0.7861345137567425,High Risk
0018-NYROU,Female,0,Yes,No,5,Yes,No,Fiber optic,No,No,No,No,No,No,Month-to-month,Yes,Electronic check,68.95,351.5,0,0,0-12 Months,Medium,Medium Risk,0-12 Months,1,0.7052740187367689,High Risk
6797-UCJHZ,Female,1,Yes,No,66,Yes,Yes,Fiber optic,No,Yes,Yes,No,Yes,Yes,One year,No,Credit card (automatic),104.6,6819.45,0,0,49+ Months,High,Low Risk,49+ Months,0,0.2083357364399314,Low Risk
2364-UFROM,Male,0,No,No,30,Yes,No,DSL,Yes,Yes,No,Yes,Yes,No,One year,No,Electronic check,70.4,2044.75,0,0,25-48 Months,High,Low Risk,25-48 Months,0,0.04825231457139883,Low Risk
0909-SDHNU,Female,0,No,Yes,7,No,No phone service,DSL,Yes,No,No,No,No,No,Month-to-month,No,Mailed check,29.8,201.95,0,0,0-12 Months,Low,Medium Risk,0-12 Months,0,0.284170399399091,Low Risk
6861-XWTWQ,Male,1,Yes,No,7,Yes,Yes,Fiber optic,No,No,Yes,No,Yes,Yes,Month-to-month,Yes,Electronic check,99.25,665.45,1,0,0-12 Months,High,High Risk,0-12 Months,1,0.8659780422506868,High Risk
1139-WUOAH,Male,0,No,No,57,No,No phone service,DSL,No,No,Yes,Yes,Yes,Yes,Two year,No,Credit card (automatic),53.35,3090.05,0,0,49+ Months,Medium,Low Risk,49+ Months,0,0.04657980217866575,Low Risk
7250-EQKIY,Female,0,Yes,Yes,1,Yes,No,DSL,No,No,Yes,No,No,No,Month-to-month,No,Mailed check,50.45,50.45,1,0,0-12 Months,Medium,Medium Risk,0-12 Months,0,0.3485081940221597,Low Risk
7754-IXRMC,Female,0,No,No,1,Yes,No,DSL,No,No,No,No,No,No,Month-to-month,No,Mailed check,45.35,45.35,0,0,0-12 Months,Medium,Medium Risk,0-12 Months,0,0.3892424664456754,Low Risk
6284-AHOOQ,Male,1,No,No,22,Yes,Yes,Fiber optic,No,No,No,Yes,Yes,No,Month-to-month,Yes,Bank transfer (automatic),90.5,1910.6,1,0,13-24 Months,High,Medium Risk,13-24 Months,0,0.453279914138948,Medium Risk
8821-XNHVZ,Female,0,Yes,Yes,1,Yes,No,Fiber optic,No,No,No,No,Yes,No,Month-to-month,Yes,Mailed check,80.05,80.05,1,0,0-12 Months,High,High Risk,0-12 Months,1,0.6751519296556419,Medium Risk
4546-FOKWR,Female,0,No,No,16,Yes,Yes,Fiber optic,No,No,No,No,No,No,Month-to-month,Yes,Credit card (automatic),74.75,1129.35,0,0,13-24 Months,High,Medium Risk,13-24 Months,0,0.4997840212330977,Medium Risk
4979-HPRFL,Male,0,Yes,Yes,56,Yes,Yes,No,No internet service,No internet service,No internet service,No internet service,No internet service,No internet service,Two year,No,Bank transfer (automatic),24.15,1402.25,0,0,49+ Months,Low,Low Risk,49+ Months,0,0.007926721219021427,Low Risk
3352-ALMCK,Male,0,No,No,40,Yes,Yes,Fiber optic,No,Yes,Yes,No,Yes,Yes,Month-to-month,Yes,Mailed check,102.65,4108.15,0,0,25-48 Months,High,Medium Risk,25-48 Months,0,0.4634322650831106,Medium Risk
1045-LTCYT,Female,0,Yes,Yes,8,Yes,No,No,No internet service,No internet service,No internet service,No internet service,No internet service,No internet service,Month-to-month,No,Credit card (automatic),21.05,139.75,0,0,0-12 Months,Low,Medium Risk,0-12 Months,0,0.13740193752095492,Low Risk
4489-SNOJF,Female,0,Yes,Yes,35,Yes,Yes,DSL,Yes,No,Yes,Yes,Yes,No,Month-to-month,No,Electronic check,72.25,2568.55,1,0,25-48 Months,High,Medium Risk,25-48 Months,0,0.1211926521676568,Low Risk
4191-XOVOM,Male,0,No,No,63,Yes,Yes,Fiber optic,No,Yes,No,Yes,Yes,Yes,Month-to-month,No,Electronic check,105.4,6713.2,0,0,49+ Months,High,Medium Risk,49+ Months,0,0.3021731584166108,Low Risk
1848-LBZHY,Female,0,Yes,No,7,Yes,No,DSL,Yes,No,No,No,No,No,Month-to-month,Yes,Bank transfer (automatic),50.3,355.1,0,0,0-12 Months,Medium,Medium Risk,0-12 Months,0,0.28361293510845725,Low Risk
9092-GDZKO,Male,0,No,No,22,Yes,Yes,No,No internet service,No internet service,No internet service,No internet service,No internet service,No internet service,Month-to-month,Yes,Credit card (automatic),24.85,493.4,0,0,13-24 Months,Low,Medium Risk,13-24 Months,0,0.11466962609318382,Low Risk
9761-XUJWD,Male,0,No,No,5,Yes,No,DSL,No,Yes,No,Yes,No,Yes,Month-to-month,Yes,Bank transfer (automatic),65.6,339.9,0,0,0-12 Months,Medium,Medium Risk,0-12 Months,0,0.32189377630680377,Low Risk
8059-UDZFY,Female,1,No,Yes,33,Yes,Yes,Fiber optic,No,Yes,Yes,No,Yes,Yes,Month-to-month,Yes,Bank transfer (automatic),105.35,3465.05,0,0,25-48 Months,High,Medium Risk,25-48 Months,1,0.5009752418165377,Medium Risk
3378-AJRAO,Male,0,Yes,Yes,44,Yes,Yes,No,No internet service,No internet service,No internet service,No internet service,No internet service,No internet service,One year,No,Electronic check,24.85,1013.6,0,0,25-48 Months,Low,Low Risk,25-48 Months,0,0.023022198105595335,Low Risk
7047-FWEYA,Female,0,Yes,No,46,Yes,Yes,Fiber optic,No,Yes,No,Yes,Yes,Yes,One year,Yes,Electronic check,103.15,4594.65,0,0,25-48 Months,High,Low Risk,25-48 Months,0,0.23304714343296182,Low Risk
5268-DSMNQ,Female,1,Yes,No,62,Yes,Yes,Fiber optic,No,Yes,Yes,No,Yes,No,One year,Yes,Credit card (automatic),97.95,5936.55,0,0,49+ Months,High,Low Risk,49+ Months,0,0.21631271706512922,Low Risk
9940-RHLFB,Female,0,No,No,1,Yes,No,Fiber optic,No,No,Yes,No,No,No,Month-to-month,No,Electronic check,75.3,75.3,1,0,0-12 Months,High,High Risk,0-12 Months,1,0.6739648285240311,Medium Risk
2606-RMDHZ,Male,0,No,No,6,No,No phone service,DSL,No,Yes,No,No,No,No,Month-to-month,Yes,Credit card (automatic),30.5,208.7,1,0,0-12 Months,Medium,Medium Risk,0-12 Months,1,0.5150267935542285,Medium Risk
0818-OCPZO,Male,1,No,No,27,Yes,Yes,Fiber optic,No,Yes,No,No,No,No,Month-to-month,Yes,Electronic check,81.45,2122.05,1,0,25-48 Months,High,Medium Risk,25-48 Months,1,0.523003094324946,Medium Risk
5120-ZBLAI,Female,0,Yes,No,50,Yes,Yes,DSL,No,No,Yes,No,Yes,Yes,One year,No,Bank transfer (automatic),75.7,3876.2,0,0,49+ Months,High,Low Risk,49+ Months,0,0.1279733029740074,Low Risk
4631-OACRM,Male,1,No,No,15,Yes,No,Fiber optic,No,No,No,No,No,Yes,Month-to-month,Yes,Electronic check,79.4,1156.1,1,0,13-24 Months,High,Medium Risk,13-24 Months,1,0.6059502093170521,Medium Risk
8593-WHYHV,Male,0,No,No,3,Yes,Yes,Fiber optic,No,No,No,No,No,Yes,Month-to-month,Yes,Electronic check,85.3,264.8,1,0,0-12 Months,High,High Risk,0-12 Months,1,0.8127683093345636,High Risk
4234-XTNEA,Male,0,No,No,2,Yes,No,Fiber optic,No,No,No,No,Yes,No,Month-to-month,Yes,Electronic check,79.95,174.45,0,0,0-12 Months,High,High Risk,0-12 Months,1,0.7662649876563943,High Risk
3234-VKACU,Male,0,No,No,2,Yes,No,DSL,No,No,No,Yes,Yes,Yes,Month-to-month,No,Electronic check,70.3,132.4,0,0,0-12 Months,High,High Risk,0-12 Months,0,0.4724414233587733,Medium Risk
3745-HRPHI,Male,0,Yes,Yes,66,No,No phone service,DSL,No,No,Yes,Yes,Yes,Yes,Two year,No,Bank transfer (automatic),54.65,3632.0,0,0,49+ Months,Medium,Low Risk,49+ Months,0,0.023556442753746965,Low Risk
7554-AKDQF,Female,0,Yes,No,6,Yes,No,DSL,No,No,No,No,No,No,Month-to-month,No,Mailed check,45.65,323.45,0,0,0-12 Months,Medium,Medium Risk,0-12 Months,0,0.3349298080574874,Low Risk
3197-ARFOY,Female,1,No,No,19,Yes,No,Fiber optic,Yes,Yes,No,Yes,Yes,Yes,Month-to-month,Yes,Mailed check,105.0,2007.25,0,0,13-24 Months,High,Medium Risk,13-24 Months,0,0.34866732198936,Low Risk
9121-PHQSR,Male,1,Yes,No,16,Yes,Yes,Fiber optic,No,No,No,No,Yes,No,Month-to-month,Yes,Credit card (automatic),85.05,1391.15,0,0,13-24 Months,High,Medium Risk,13-24 Months,1,0.616670202301843,Medium Risk
1587-FKLZB,Male,1,Yes,Yes,66,Yes,Yes,Fiber optic,No,No,Yes,No,Yes,Yes,Month-to-month,Yes,Credit card (automatic),99.5,6822.15,1,0,49+ Months,High,Medium Risk,49+ Months,0,0.4032188728546095,Medium Risk
8058-DMYRU,Male,1,No,No,54,Yes,Yes,Fiber optic,No,Yes,No,No,No,Yes,Month-to-month,Yes,Electronic check,90.05,4931.8,0,0,49+ Months,High,Medium Risk,49+ Months,0,0.49098897839736727,Medium Risk
1264-FUHCX,Female,0,Yes,No,49,No,No phone service,DSL,No,Yes,No,Yes,Yes,Yes,One year,Yes,Credit card (automatic),56.3,2780.6,0,0,49+ Months,Medium,Low Risk,49+ Months,0,0.12970063554896935,Low Risk
4343-EJVQB,Male,0,No,No,7,Yes,No,Fiber optic,Yes,No,No,No,No,No,Month-to-month,No,Mailed check,74.35,533.6,0,0,0-12 Months,High,High Risk,0-12 Months,0,0.4303559341100196,Medium Risk
6713-OKOMC,Female,0,No,No,10,No,No phone service,DSL,Yes,No,No,No,No,No,Month-to-month,No,Mailed check,29.75,301.9,0,0,0-12 Months,Low,Medium Risk,0-12 Months,0,0.29887326159251715,Low Risk
3649-JPUGY,Male,0,No,No,72,Yes,Yes,DSL,No,Yes,Yes,Yes,Yes,Yes,Two year,Yes,Bank transfer (automatic),88.6,6201.95,0,0,49+ Months,High,Low Risk,49+ Months,0,0.02156676700345833,Low Risk
1004-NOZNR,Male,1,No,Yes,56,Yes,No,Fiber optic,Yes,No,No,No,Yes,Yes,One year,No,Credit card (automatic),94.8,5264.3,0,0,49+ Months,High,Low Risk,49+ Months,0,0.12896395296076482,Low Risk
9364-YKUVW,Male,0,No,No,15,Yes,No,No,No internet service,No internet service,No internet service,No internet service,No internet service,No internet service,Month-to-month,Yes,Mailed check,19.8,309.4,0,0,13-24 Months,Low,Medium Risk,13-24 Months,0,0.11299725244132129,Low Risk
6194-HBGQN,Male,0,No,No,51,Yes,Yes,DSL,Yes,Yes,Yes,Yes,Yes,No,One year,Yes,Credit card (automatic),81.15,4126.2,0,0,49+ Months,High,Low Risk,49+ Months,0,0.056937157015761374,Low Risk
3229-USWAR,Female,0,No,No,34,Yes,No,DSL,Yes,No,Yes,Yes,Yes,Yes,One year,Yes,Bank transfer (automatic),79.95,2727.3,0,0,25-48 Months,High,Low Risk,25-48 Months,0,0.06503008106886977,Low Risk
3658-KIBGF,Female,0,No,No,1,Yes,No,DSL,Yes,Yes,No,No,No,No,Month-to-month,Yes,Electronic check,54.9,54.9,1,0,0-12 Months,Medium,Medium Risk,0-12 Months,0,0.3891957114533408,Low Risk
9643-YBLUR,Male,0,Yes,No,9,Yes,Yes,DSL,No,Yes,Yes,No,No,Yes,Month-to-month,Yes,Credit card (automatic),69.05,653.95,0,0,0-12 Months,Medium,Medium Risk,0-12 Months,0,0.489760038480489,Medium Risk
1845-ZLLIG,Male,0,No,No,1,Yes,No,DSL,No,Yes,No,No,No,No,Month-to-month,Yes,Mailed check,50.15,50.15,0,0,0-12 Months,Medium,Medium Risk,0-12 Months,0,0.40838819575167984,Medium Risk
0524-IAVZO,Female,0,Yes,No,30,Yes,Yes,Fiber optic,No,No,No,No,No,Yes,Month-to-month,Yes,Electronic check,85.0,2624.25,1,0,25-48 Months,High,Medium Risk,25-48 Months,1,0.5696311174323078,Medium Risk
5692-FPTAH,Female,0,No,No,1,Yes,No,DSL,No,No,No,No,No,No,Month-to-month,Yes,Mailed check,45.4,45.4,1,0,0-12 Months,Medium,Medium Risk,0-12 Months,0,0.45945648498178254,Medium Risk
6317-YPKDH,Female,0,No,No,1,No,No phone service,DSL,No,Yes,No,No,No,No,Month-to-month,No,Bank transfer (automatic),29.95,29.95,1,0,0-12 Months,Low,Medium Risk,0-12 Months,0,0.4290695492813244,Medium Risk
9823-EALYC,Male,0,Yes,Yes,72,Yes,Yes,DSL,Yes,Yes,Yes,Yes,Yes,No,Two year,Yes,Bank transfer (automatic),80.85,5727.45,0,0,49+ Months,High,Low Risk,49+ Months,0,0.00911886566221991,Low Risk
9167-APMXZ,Female,0,No,No,22,Yes,Yes,Fiber optic,No,No,No,No,Yes,No,Month-to-month,Yes,Bank transfer (automatic),84.15,1821.95,0,0,13-24 Months,High,Medium Risk,13-24 Months,1,0.5029707511080922,Medium Risk
8246-SHFGA,Male,0,No,No,17,Yes,No,No,No internet service,No internet service,No internet service,No internet service,No internet service,No internet service,Month-to-month,No,Credit card (automatic),21.1,385.55,0,0,13-24 Months,Low,Medium Risk,13-24 Months,0,0.07690701570230524,Low Risk
3413-DHLPB,Male,0,Yes,Yes,60,Yes,Yes,Fiber optic,No,Yes,No,Yes,Yes,Yes,Month-to-month,Yes,Bank transfer (automatic),103.75,5969.95,0,0,49+ Months,High,Medium Risk,49+ Months,0,0.2580477295564976,Low Risk
2533-QVMSK,Male,0,Yes,No,61,Yes,Yes,Fiber optic,No,Yes,No,Yes,Yes,No,Two year,Yes,Electronic check,94.1,5638.3,1,0,49+ Months,High,Low Risk,49+ Months,0,0.0940799693140701,Low Risk
8751-EDEKA,Female,0,Yes,No,28,Yes,No,Fiber optic,No,Yes,Yes,No,No,Yes,Month-to-month,No,Credit card (automatic),89.9,2433.5,0,0,25-48 Months,High,Medium Risk,25-48 Months,0,0.3220509319153746,Low Risk
2696-RZVZW,Male,0,Yes,No,68,Yes,Yes,No,No internet service,No internet service,No internet service,No internet service,No internet service,No internet service,Two year,No,Credit card (automatic),25.05,1629.2,0,0,49+ Months,Low,Low Risk,49+ Months,0,0.005708618736577144,Low Risk
0484-JPBRU,Male,0,No,No,41,Yes,Yes,No,No internet service,No internet service,No internet service,No internet service,No internet service,No internet service,Month-to-month,Yes,Bank transfer (automatic),25.25,996.45,0,0,25-48 Months,Low,Medium Risk,25-48 Months,0,0.05887627340845243,Low Risk
8849-AYPTR,Male,0,Yes,No,33,Yes,No,Fiber optic,No,No,No,No,Yes,Yes,Month-to-month,No,Electronic check,91.25,2964.05,0,0,25-48 Months,High,Medium Risk,25-48 Months,0,0.43504954209251007,Medium Risk
8671-KKKOS,Female,0,Yes,No,46,No,No phone service,DSL,Yes,Yes,No,No,Yes,No,Month-to-month,No,Electronic check,45.55,2062.15,0,0,25-48 Months,Medium,Medium Risk,25-48 Months,0,0.12005750378158314,Low Risk
2824-MYYBN,Female,0,Yes,Yes,37,Yes,Yes,Fiber optic,No,No,No,No,Yes,Yes,Month-to-month,Yes,Electronic check,95.25,3314.15,0,0,25-48 Months,High,Medium Risk,25-48 Months,1,0.519276119943032,Medium Risk
1112-CUNAO,Female,1,No,No,15,Yes,Yes,Fiber optic,No,Yes,No,No,No,Yes,Month-to-month,No,Electronic check,89.85,1424.95,1,0,13-24 Months,High,Medium Risk,13-24 Months,1,0.5920050066055836,Medium Risk
9221-OTIVJ,Female,1,No,No,14,Yes,Yes,Fiber optic,No,Yes,Yes,No,Yes,Yes,Month-to-month,Yes,Electronic check,104.85,1531.4,1,0,13-24 Months,High,Medium Risk,13-24 Months,1,0.7408983732794143,High Risk
5364-EVNIB,Male,0,No,No,13,Yes,No,Fiber optic,No,Yes,Yes,No,No,No,Month-to-month,Yes,Electronic check,79.8,973.45,1,0,13-24 Months,High,Medium Risk,13-24 Months,0,0.47720933864276244,Medium Risk
3439-GVUSX,Male,0,No,No,1,No,No phone service,DSL,No,No,No,No,No,No,Month-to-month,No,Mailed check,24.4,24.4,0,0,0-12 Months,Low,Medium Risk,0-12 Months,0,0.4913120074299907,Medium Risk
1052-QJIBV,Female,0,Yes,Yes,71,Yes,No,No,No internet service,No internet service,No internet service,No internet service,No internet service,No internet service,Two year,No,Credit card (automatic),19.9,1397.3,0,0,49+ Months,Low,Low Risk,49+ Months,0,0.00275883234095578,Low Risk
4504-YOULA,Female,0,Yes,Yes,35,Yes,Yes,DSL,Yes,Yes,No,No,No,No,Month-to-month,Yes,Credit card (automatic),59.45,2136.9,0,0,25-48 Months,Medium,Medium Risk,25-48 Months,0,0.0982827695429671,Low Risk
6292-TOSSS,Male,0,No,No,50,Yes,Yes,No,No internet service,No internet service,No internet service,No internet service,No internet service,No internet service,Two year,No,Bank transfer (automatic),24.9,1195.25,0,0,49+ Months,Low,Low Risk,49+ Months,0,0.012768738220330068,Low Risk
9480-BQJEI,Male,0,No,No,62,Yes,Yes,Fiber optic,Yes,Yes,No,No,No,Yes,One year,Yes,Bank transfer (automatic),92.3,5731.45,0,0,49+ Months,High,Low Risk,49+ Months,0,0.12272153359841678,Low Risk
1043-UXOVO,Female,0,No,No,71,Yes,Yes,Fiber optic,Yes,Yes,Yes,Yes,Yes,Yes,Two year,Yes,Credit card (automatic),113.15,7993.3,0,0,49+ Months,High,Low Risk,49+ Months,0,0.05627876692119142,Low Risk
4660-IRIBM,Male,0,Yes,Yes,18,Yes,No,Fiber optic,Yes,No,Yes,No,Yes,No,Month-to-month,Yes,Mailed check,87.9,1500.5,0,0,13-24 Months,High,Medium Risk,13-24 Months,0,0.33263593840973626,Low Risk
9483-GCPWE,Male,0,No,Yes,9,Yes,No,No,No internet service,No internet service,No internet service,No internet service,No internet service,No internet service,One year,No,Mailed check,20.1,190.25,0,0,0-12 Months,Low,Medium Risk,0-12 Months,0,0.034736943832688126,Low Risk
0835-DUUIQ,Female,0,No,Yes,24,Yes,No,No,No internet service,No internet service,No internet service,No internet service,No internet service,No internet service,One year,No,Bank transfer (automatic),21.05,531.55,0,0,13-24 Months,Low,Low Risk,13-24 Months,0,0.02242924927271398,Low Risk
4077-HWUYD,Male,0,Yes,Yes,72,Yes,Yes,DSL,Yes,Yes,Yes,Yes,Yes,Yes,Two year,Yes,Bank transfer (automatic),87.55,6463.15,0,0,49+ Months,High,Low Risk,49+ Months,0,0.013885320545898557,Low Risk
6848-HJTXY,Female,0,Yes,No,64,Yes,No,No,No internet service,No internet service,No internet service,No internet service,No internet service,No internet service,Two year,No,Credit card (automatic),19.45,1208.6,0,0,49+ Months,Low,Low Risk,49+ Months,0,0.004795480661952941,Low Risk
4184-VODJZ,Male,0,Yes,Yes,63,Yes,Yes,Fiber optic,No,Yes,No,No,No,Yes,One year,Yes,Electronic check,91.35,5764.7,0,0,49+ Months,High,Low Risk,49+ Months,0,0.17604487518596856,Low Risk
7663-RGWBC,Male,0,No,No,1,Yes,No,DSL,No,No,No,No,No,No,Month-to-month,Yes,Mailed check,44.15,44.15,1,0,0-12 Months,Medium,Medium Risk,0-12 Months,0,0.46016122103769014,Medium Risk
0221-NAUXK,Male,0,No,Yes,10,Yes,No,No,No internet service,No internet service,No internet service,No internet service,No internet service,No internet service,One year,Yes,Bank transfer (automatic),19.95,219.5,0,0,0-12 Months,Low,Medium Risk,0-12 Months,0,0.04079452977732121,Low Risk
8378-LKJAF,Male,0,Yes,Yes,38,Yes,Yes,Fiber optic,No,No,Yes,No,Yes,Yes,Month-to-month,Yes,Credit card (automatic),101.15,3956.7,0,0,25-48 Months,High,Medium Risk,25-48 Months,0,0.4513108138793583,Medium Risk
6857-VWJDT,Female,0,No,No,1,Yes,Yes,Fiber optic,No,No,No,No,Yes,Yes,Month-to-month,No,Mailed check,95.65,95.65,1,0,0-12 Months,High,High Risk,0-12 Months,1,0.777961590673291,High Risk
0114-IGABW,Female,0,Yes,No,71,No,No phone service,DSL,No,Yes,Yes,Yes,Yes,Yes,Two year,No,Bank transfer (automatic),58.25,4145.9,0,0,49+ Months,Medium,Low Risk,49+ Months,0,0.02137134277908434,Low Risk
3177-LASXD,Female,0,No,No,1,Yes,No,Fiber optic,No,No,No,No,No,No,Month-to-month,No,Electronic check,71.35,71.35,1,0,0-12 Months,High,High Risk,0-12 Months,1,0.6576485815500102,Medium Risk
5928-QLDHB,Male,0,No,No,9,Yes,Yes,Fiber optic,No,No,No,No,No,No,Month-to-month,Yes,Electronic check,76.25,684.85,0,0,0-12 Months,High,High Risk,0-12 Months,1,0.7222846527926132,High Risk
2408-PSJVE,Male,0,Yes,Yes,44,Yes,No,DSL,No,Yes,Yes,Yes,No,No,Month-to-month,Yes,Mailed check,61.9,2924.05,0,0,25-48 Months,Medium,Medium Risk,25-48 Months,0,0.05178005241312078,Low Risk
6661-EIPZC,Female,0,Yes,Yes,48,No,No phone service,DSL,No,No,No,Yes,No,No,Month-to-month,Yes,Credit card (automatic),29.5,1423.05,0,0,25-48 Months,Low,Medium Risk,25-48 Months,0,0.06361591664921676,Low Risk
6388-TABGU,Male,0,No,Yes,62,Yes,No,DSL,Yes,Yes,No,No,No,No,One year,No,Bank transfer (automatic),56.15,3487.95,0,0,49+ Months,Medium,Low Risk,49+ Months,0,0.013301838944291875,Low Risk
0581-MDMPW,Female,0,No,No,24,Yes,Yes,Fiber optic,No,No,Yes,No,Yes,No,Month-to-month,Yes,Credit card (automatic),88.95,2072.75,0,0,13-24 Months,High,Medium Risk,13-24 Months,1,0.5158815885347965,Medium Risk
2466-NEJOJ,Male,0,Yes,Yes,8,Yes,No,No,No internet service,No internet service,No internet service,No internet service,No internet service,No internet service,Month-to-month,No,Credit card (automatic),19.65,169.75,0,0,0-12 Months,Low,Medium Risk,0-12 Months,0,0.13870573315029497,Low Risk
9971-ZWPBF,Male,1,Yes,Yes,34,Yes,Yes,Fiber optic,No,Yes,Yes,Yes,Yes,Yes,Month-to-month,Yes,Electronic check,108.9,3625.2,0,0,25-48 Months,High,Medium Risk,25-48 Months,0,0.49745816630051415,Medium Risk
5650-YLIBA,Male,0,No,No,31,Yes,Yes,Fiber optic,No,Yes,No,No,No,No,Month-to-month,Yes,Electronic check,81.15,2640.55,0,0,25-48 Months,High,Medium Risk,25-48 Months,0,0.4399227706339505,Medium Risk
3977-QCRSL,Female,0,No,No,5,Yes,No,No,No internet service,No internet service,No internet service,No internet service,No internet service,No internet service,Month-to-month,No,Mailed check,20.15,117.95,0,0,0-12 Months,Low,Medium Risk,0-12 Months,0,0.19284065164812922,Low Risk
4626-OZDTJ,Female,0,Yes,No,51,Yes,Yes,DSL,No,Yes,No,Yes,Yes,Yes,One year,Yes,Credit card (automatic),78.65,3950.85,0,0,49+ Months,High,Low Risk,49+ Months,0,0.1045221196344101,Low Risk
4869-EPIUS,Male,0,Yes,No,56,Yes,No,Fiber optic,No,No,No,No,No,Yes,One year,Yes,Electronic check,80.9,4557.5,0,0,49+ Months,High,Low Risk,49+ Months,0,0.2125291874807549,Low Risk
6164-HAQTX,Male,0,No,No,71,No,No phone service,DSL,Yes,Yes,Yes,Yes,Yes,No,Two year,No,Bank transfer (automatic),53.95,3888.65,0,0,49+ Months,Medium,Low Risk,49+ Months,0,0.010477993094092856,Low Risk
7668-XCFYV,Female,1,Yes,No,17,Yes,Yes,Fiber optic,No,No,No,No,Yes,Yes,Month-to-month,Yes,Electronic check,92.55,1614.7,0,0,13-24 Months,High,Medium Risk,13-24 Months,1,0.7491917871760415,High Risk
7209-JCUDS,Male,0,No,No,10,Yes,No,Fiber optic,No,No,Yes,No,Yes,Yes,Month-to-month,Yes,Electronic check,94.9,1048.85,1,0,0-12 Months,High,High Risk,0-12 Months,1,0.7663707023785427,High Risk
3923-CSIHK,Female,1,Yes,No,50,Yes,No,Fiber optic,No,No,No,No,No,No,Month-to-month,Yes,Electronic check,71.05,3444.85,1,0,49+ Months,High,Medium Risk,49+ Months,0,0.3858143543171349,Low Risk
1816-FLZDK,Male,0,No,No,1,No,No phone service,DSL,No,No,No,Yes,No,No,Month-to-month,No,Mailed check,29.15,29.15,0,0,0-12 Months,Low,Medium Risk,0-12 Months,0,0.40420315641016974,Medium Risk
0347-UBKUZ,Female,0,No,No,15,Yes,No,No,No internet service,No internet service,No internet service,No internet service,No internet service,No internet service,Month-to-month,No,Mailed check,19.9,320.45,0,0,13-24 Months,Low,Medium Risk,13-24 Months,0,0.08923860025480097,Low Risk
6345-FZOQH,Male,0,Yes,No,69,Yes,No,No,No internet service,No internet service,No internet service,No internet service,No internet service,No internet service,Two year,No,Mailed check,19.9,1363.45,0,0,49+ Months,Low,Low Risk,49+ Months,0,0.0036921955147721374,Low Risk
9337-SRRNI,Male,0,No,Yes,66,Yes,Yes,No,No internet service,No internet service,No internet service,No internet service,No internet service,No internet service,Two year,Yes,Credit card (automatic),25.3,1673.8,0,0,49+ Months,Low,Low Risk,49+ Months,0,0.00691123493014479,Low Risk
5458-CQJTA,Male,0,Yes,Yes,65,Yes,No,DSL,Yes,No,No,Yes,Yes,Yes,Two year,Yes,Bank transfer (automatic),74.8,4820.15,1,0,49+ Months,High,Low Risk,49+ Months,0,0.011952884392189153,Low Risk
4250-ZBWLV,Male,0,No,No,68,Yes,Yes,Fiber optic,No,Yes,Yes,Yes,Yes,Yes,One year,No,Electronic check,108.45,7176.55,1,0,49+ Months,High,Low Risk,49+ Months,0,0.16313027635114552,Low Risk
7576-JMYWV,Female,1,Yes,Yes,46,Yes,Yes,Fiber optic,Yes,Yes,No,Yes,Yes,Yes,Month-to-month,Yes,Electronic check,110.2,4972.1,0,0,25-48 Months,High,Medium Risk,25-48 Months,0,0.2889115759719813,Low Risk
9298-WGMRW,Female,0,Yes,No,72,Yes,Yes,Fiber optic,Yes,Yes,Yes,Yes,Yes,Yes,Two year,Yes,Bank transfer (automatic),115.5,8312.75,0,0,49+ Months,High,Low Risk,49+ Months,0,0.049254317169128245,Low Risk
4779-ZGICK,Male,0,Yes,Yes,48,Yes,Yes,No,No internet service,No internet service,No internet service,No internet service,No internet service,No internet service,Two year,No,Mailed check,23.55,1173.35,0,0,25-48 Months,Low,Low Risk,25-48 Months,0,0.007066394063803767,Low Risk
6434-TTGJP,Male,0,Yes,Yes,10,No,No phone service,DSL,Yes,Yes,Yes,Yes,No,Yes,Two year,No,Credit card (automatic),53.7,521.0,0,0,0-12 Months,Medium,Medium Risk,0-12 Months,0,0.036931632061624114,Low Risk
2079-FBMZK,Female,0,No,No,6,Yes,No,Fiber optic,No,No,No,No,No,No,Month-to-month,Yes,Mailed check,69.25,418.4,1,0,0-12 Months,Medium,Medium Risk,0-12 Months,1,0.6306374863203176,Medium Risk
7537-CBQUZ,Male,1,No,No,63,Yes,Yes,Fiber optic,Yes,Yes,Yes,No,Yes,Yes,Month-to-month,Yes,Bank transfer (automatic),109.4,7031.45,0,0,49+ Months,High,Medium Risk,49+ Months,0,0.34252100889479037,Low Risk
1265-ZFOSD,Female,0,Yes,No,64,Yes,Yes,DSL,Yes,Yes,Yes,Yes,No,Yes,Two year,Yes,Mailed check,81.3,5129.3,0,0,49+ Months,High,Low Risk,49+ Months,0,0.016435430064323797,Low Risk
2955-BJZHG,Male,0,Yes,Yes,17,Yes,No,Fiber optic,No,No,No,No,Yes,No,Month-to-month,No,Electronic check,80.85,1400.85,1,0,13-24 Months,High,Medium Risk,13-24 Months,0,0.4119207217648204,Medium Risk
7273-TEFQD,Male,1,No,No,3,No,No phone service,DSL,No,No,Yes,No,No,Yes,Month-to-month,Yes,Electronic check,41.15,132.2,1,0,0-12 Months,Medium,Medium Risk,0-12 Months,1,0.7650787266349259,High Risk
4189-NAKJS,Male,0,No,No,26,Yes,Yes,DSL,No,No,No,No,No,No,One year,Yes,Credit card (automatic),51.55,1295.4,0,0,25-48 Months,Medium,Low Risk,25-48 Months,0,0.13795219022315788,Low Risk
2150-OEGBV,Male,0,No,No,27,Yes,No,No,No internet service,No internet service,No internet service,No internet service,No internet service,No internet service,One year,No,Bank transfer (automatic),20.1,562.6,0,0,25-48 Months,Low,Low Risk,25-48 Months,0,0.03038635403374881,Low Risk
3546-GHEAE,Male,0,No,No,7,Yes,No,No,No internet service,No internet service,No internet service,No internet service,No internet service,No internet service,Two year,No,Mailed check,19.45,165.35,0,0,0-12 Months,Low,Medium Risk,0-12 Months,0,0.02305934484069078,Low Risk
3244-DCJWY,Female,0,No,No,1,Yes,No,Fiber optic,No,No,No,No,No,No,Month-to-month,Yes,Electronic check,70.25,70.25,1,0,0-12 Months,High,High Risk,0-12 Months,1,0.7248759704042061,High Risk
4072-IPYLT,Female,0,Yes,Yes,36,Yes,No,DSL,Yes,No,No,No,No,No,Month-to-month,No,Credit card (automatic),51.05,1815.0,0,0,25-48 Months,Medium,Medium Risk,25-48 Months,0,0.05633769018342284,Low Risk
8739-QOTTN,Female,0,Yes,No,2,Yes,No,No,No internet service,No internet service,No internet service,No internet service,No internet service,No internet service,Month-to-month,No,Mailed check,20.35,41.85,0,0,0-12 Months,Low,Medium Risk,0-12 Months,0,0.21364452038709736,Low Risk
4634-JLRJT,Female,0,No,No,1,Yes,No,No,No internet service,No internet service,No internet service,No internet service,No internet service,No internet service,Month-to-month,Yes,Mailed check,20.35,20.35,0,0,0-12 Months,Low,Medium Risk,0-12 Months,0,0.2778289563144466,Low Risk
6036-TTFYU,Female,0,Yes,No,16,Yes,No,No,No internet service,No internet service,No internet service,No internet service,No internet service,No internet service,Month-to-month,No,Mailed check,19.6,314.45,0,0,13-24 Months,Low,Medium Risk,13-24 Months,0,0.08485050096732667,Low Risk
5847-MXBEO,Male,0,No,No,22,Yes,No,No,No internet service,No internet service,No internet service,No internet service,No internet service,No internet service,One year,No,Mailed check,20.3,475.1,0,0,13-24 Months,Low,Low Risk,13-24 Months,0,0.03228825697689161,Low Risk
5371-VYLSX,Female,1,No,No,50,Yes,Yes,Fiber optic,Yes,Yes,No,No,No,No,Month-to-month,Yes,Electronic check,83.4,4113.7,0,0,49+ Months,High,Medium Risk,49+ Months,0,0.3702172059337132,Low Risk
2055-PDADH,Female,1,No,No,3,Yes,No,Fiber optic,No,No,No,No,No,No,Month-to-month,Yes,Electronic check,70.4,204.7,1,0,0-12 Months,High,High Risk,0-12 Months,1,0.7483717335058181,High Risk
7124-UGSUR,Female,1,Yes,No,61,Yes,Yes,Fiber optic,No,Yes,Yes,No,Yes,Yes,One year,Yes,Credit card (automatic),104.4,6405.0,1,0,49+ Months,High,Low Risk,49+ Months,0,0.30102904728710356,Low Risk
3258-SANFR,Male,1,No,No,6,Yes,No,DSL,No,No,No,No,No,No,Month-to-month,No,Credit card (automatic),44.7,276.5,0,0,0-12 Months,Medium,Medium Risk,0-12 Months,0,0.3799986275789936,Low Risk
2761-XECQW,Male,1,Yes,No,8,No,No phone service,DSL,No,Yes,Yes,No,No,Yes,Month-to-month,Yes,Mailed check,43.35,371.4,0,0,0-12 Months,Medium,Medium Risk,0-12 Months,1,0.6294304638970968,Medium Risk
5297-MDOIR,Female,0,Yes,No,63,Yes,No,Fiber optic,Yes,No,Yes,No,No,No,One year,Yes,Credit card (automatic),81.15,5224.5,0,0,49+ Months,High,Low Risk,49+ Months,0,0.07802636596633764,Low Risk
4713-LZDRV,Female,1,No,No,2,Yes,No,Fiber optic,No,No,No,No,No,Yes,Month-to-month,Yes,Electronic check,79.6,195.05,1,0,0-12 Months,High,High Risk,0-12 Months,1,0.8020997191823482,High Risk
3466-RITXD,Male,0,No,No,26,Yes,Yes,Fiber optic,Yes,Yes,No,No,Yes,No,Month-to-month,Yes,Credit card (automatic),92.4,2349.8,0,0,25-48 Months,High,Medium Risk,25-48 Months,0,0.40588214773239584,Medium Risk
0187-QSXOE,Male,1,Yes,No,7,Yes,No,Fiber optic,No,No,No,No,Yes,Yes,Month-to-month,Yes,Electronic check,89.0,605.45,0,0,0-12 Months,High,High Risk,0-12 Months,1,0.8104200767022686,High Risk
3982-DQLUS,Male,1,Yes,Yes,65,Yes,Yes,Fiber optic,Yes,Yes,No,No,No,No,Month-to-month,Yes,Electronic check,85.75,5688.45,0,0,49+ Months,High,Medium Risk,49+ Months,0,0.2001789382583024,Low Risk
0422-UXFAP,Female,0,Yes,No,51,Yes,Yes,Fiber optic,No,No,Yes,No,Yes,Yes,One year,Yes,Electronic check,98.85,4947.55,0,0,49+ Months,High,Low Risk,49+ Months,0,0.44205705697541864,Medium Risk
9851-KIELU,Male,0,No,No,10,Yes,No,Fiber optic,Yes,Yes,Yes,Yes,Yes,Yes,Month-to-month,Yes,Electronic check,110.1,1043.3,1,0,0-12 Months,High,High Risk,0-12 Months,1,0.5552706221428787,Medium Risk
4803-LBYPN,Male,0,Yes,Yes,34,Yes,No,No,No internet service,No internet service,No internet service,No internet service,No internet service,No internet service,Month-to-month,No,Mailed check,20.8,635.9,0,0,25-48 Months,Low,Medium Risk,25-48 Months,0,0.03659035501958031,Low Risk
1156-ZFYDO,Female,0,No,No,1,Yes,No,No,No internet service,No internet service,No internet service,No internet service,No internet service,No internet service,Month-to-month,No,Electronic check,19.75,19.75,0,0,0-12 Months,Low,Medium Risk,0-12 Months,0,0.28264926265719564,Low Risk
5950-AAAGJ,Male,0,No,No,18,Yes,Yes,Fiber optic,No,No,No,No,Yes,No,Month-to-month,No,Bank transfer (automatic),84.3,1537.9,0,0,13-24 Months,High,Medium Risk,13-24 Months,0,0.4643166163048677,Medium Risk
4686-UXDML,Female,0,No,No,21,Yes,Yes,Fiber optic,No,Yes,No,No,Yes,Yes,Month-to-month,Yes,Credit card (automatic),99.85,1992.55,0,0,13-24 Months,High,Medium Risk,13-24 Months,1,0.5473637448188696,Medium Risk
5469-CTCWN,Male,0,Yes,Yes,61,Yes,Yes,Fiber optic,Yes,Yes,No,No,Yes,Yes,One year,Yes,Electronic check,106.0,6547.7,1,0,49+ Months,High,Low Risk,49+ Months,0,0.1888050680801409,Low Risk
9979-RGMZT,Female,0,No,No,7,Yes,No,Fiber optic,No,Yes,No,No,Yes,Yes,One year,Yes,Mailed check,94.05,633.45,0,0,0-12 Months,High,Medium Risk,0-12 Months,0,0.33976085394518285,Low Risk
7623-TRNQN,Male,0,No,Yes,1,Yes,No,DSL,No,No,No,Yes,No,No,Month-to-month,Yes,Mailed check,49.9,49.9,1,0,0-12 Months,Medium,Medium Risk,0-12 Months,0,0.32136608540678707,Low Risk
5542-TBBWB,Male,0,No,No,1,Yes,No,Fiber optic,No,No,No,No,No,No,Month-to-month,Yes,Electronic check,69.9,69.9,0,0,0-12 Months,Medium,Medium Risk,0-12 Months,1,0.730635697640195,High Risk
8535-SFUTN,Male,0,No,No,61,Yes,Yes,Fiber optic,Yes,No,Yes,No,Yes,Yes,Month-to-month,Yes,Electronic check,106.45,6300.15,0,0,49+ Months,High,Medium Risk,49+ Months,0,0.41392281168683004,Medium Risk
9494-BDNNC,Male,0,Yes,No,66,Yes,Yes,Fiber optic,No,Yes,Yes,No,No,Yes,One year,No,Electronic check,95.3,6273.4,0,0,49+ Months,High,Low Risk,49+ Months,0,0.16360884909932508,Low Risk
9450-TRJUU,Male,0,No,No,35,Yes,Yes,Fiber optic,No,No,No,No,Yes,No,Month-to-month,No,Electronic check,83.15,2848.45,0,0,25-48 Months,High,Medium Risk,25-48 Months,0,0.45738630127578483,Medium Risk
5759-RCVCB,Female,0,No,No,3,No,No phone service,DSL,No,No,No,No,Yes,No,Month-to-month,No,Credit card (automatic),35.2,108.95,1,0,0-12 Months,Medium,Medium Risk,0-12 Months,1,0.6008350480476141,Medium Risk
2832-SCUCO,Female,0,No,No,2,Yes,No,No,No internet service,No internet service,No internet service,No internet service,No internet service,No internet service,Month-to-month,No,Electronic check,19.9,57.4,0,0,0-12 Months,Low,Medium Risk,0-12 Months,0,0.2726595794898475,Low Risk
8887-IPQNC,Female,0,Yes,No,7,Yes,No,DSL,No,No,No,No,No,No,Month-to-month,Yes,Mailed check,44.25,313.45,0,0,0-12 Months,Medium,Medium Risk,0-12 Months,0,0.39760531928958703,Low Risk
8495-PRWFH,Female,1,No,No,42,Yes,Yes,DSL,No,No,Yes,No,No,No,Month-to-month,No,Electronic check,55.65,2421.75,0,0,25-48 Months,Medium,Medium Risk,25-48 Months,0,0.18717035284550837,Low Risk
6537-QLGEX,Female,0,No,No,16,No,No phone service,DSL,Yes,No,No,No,Yes,No,Month-to-month,Yes,Electronic check,38.9,664.4,0,0,13-24 Months,Medium,Medium Risk,13-24 Months,0,0.4074092471554087,Medium Risk
2606-PKWJB,Male,0,No,Yes,40,No,No phone service,DSL,Yes,Yes,No,Yes,No,No,One year,No,Mailed check,40.25,1564.05,0,0,25-48 Months,Medium,Low Risk,25-48 Months,0,0.026354016206695512,Low Risk
1272-ILHFG,Male,0,Yes,Yes,15,Yes,No,No,No internet service,No internet service,No internet service,No internet service,No internet service,No internet service,One year,No,Mailed check,19.65,332.65,0,0,13-24 Months,Low,Low Risk,13-24 Months,0,0.03680724802585321,Low Risk
8805-JNRAZ,Female,0,No,No,2,Yes,No,DSL,No,Yes,No,No,No,No,Month-to-month,No,Mailed check,49.2,103.7,0,0,0-12 Months,Medium,Medium Risk,0-12 Months,0,0.3423428586460043,Low Risk
7695-PKLCZ,Female,0,No,No,68,Yes,No,No,No internet service,No internet service,No internet service,No internet service,No internet service,No internet service,Two year,No,Credit card (automatic),20.5,1424.9,0,0,49+ Months,Low,Low Risk,49+ Months,0,0.003966217762663881,Low Risk
7005-CCBKV,Male,0,No,No,6,Yes,No,Fiber optic,No,Yes,No,No,No,Yes,Month-to-month,Yes,Electronic check,84.4,556.35,1,0,0-12 Months,High,High Risk,0-12 Months,1,0.6955497557870224,Medium Risk
2305-MRGLV,Male,0,Yes,No,28,Yes,No,Fiber optic,No,No,No,Yes,No,No,Month-to-month,No,Bank transfer (automatic),76.55,2065.4,0,0,25-48 Months,High,Medium Risk,25-48 Months,0,0.19919954105427,Low Risk
3705-PSNGL,Male,0,No,No,45,Yes,No,No,No internet service,No internet service,No internet service,No internet service,No internet service,No internet service,One year,Yes,Electronic check,20.4,930.45,1,0,25-48 Months,Low,Low Risk,25-48 Months,0,0.024632150559216994,Low Risk
2266-SJNAT,Female,0,Yes,No,72,Yes,Yes,Fiber optic,No,Yes,Yes,Yes,Yes,Yes,One year,No,Credit card (automatic),109.15,7789.6,0,0,49+ Months,High,Low Risk,49+ Months,0,0.11268581092945466,Low Risk
5821-MMEIL,Female,0,Yes,No,57,Yes,No,No,No internet service,No internet service,No internet service,No internet service,No internet service,No internet service,Two year,No,Bank transfer (automatic),19.9,1115.6,0,0,49+ Months,Low,Low Risk,49+ Months,0,0.006268045417954569,Low Risk
6518-LGAOV,Female,0,Yes,No,38,Yes,Yes,Fiber optic,No,No,Yes,Yes,Yes,Yes,Month-to-month,Yes,Electronic check,105.0,4026.4,1,0,25-48 Months,High,Medium Risk,25-48 Months,1,0.5076162155659156,Medium Risk
7742-MYPGI,Female,0,Yes,Yes,6,Yes,No,DSL,No,No,No,Yes,No,No,Month-to-month,Yes,Mailed check,48.8,297.35,0,0,0-12 Months,Medium,Medium Risk,0-12 Months,0,0.2838379272366465,Low Risk
2061-VVFST,Female,0,Yes,No,37,Yes,No,No,No internet service,No internet service,No internet service,No internet service,No internet service,No internet service,Month-to-month,No,Bank transfer (automatic),19.5,805.2,0,0,25-48 Months,Low,Medium Risk,25-48 Months,0,0.03879356446052864,Low Risk
6821-JPCDC,Female,0,Yes,No,48,Yes,No,Fiber optic,No,Yes,Yes,No,Yes,Yes,One year,Yes,Electronic check,97.05,4692.95,0,0,25-48 Months,High,Low Risk,25-48 Months,0,0.2297399556052036,Low Risk
0436-TWFFZ,Female,0,No,No,67,Yes,Yes,DSL,Yes,No,Yes,Yes,Yes,Yes,Two year,Yes,Mailed check,85.25,5714.2,0,0,49+ Months,High,Low Risk,49+ Months,0,0.024982293297826846,Low Risk
8970-ANWXO,Female,0,No,No,23,Yes,Yes,DSL,No,No,No,Yes,Yes,Yes,One year,Yes,Mailed check,73.75,1756.6,0,0,13-24 Months,High,Low Risk,13-24 Months,0,0.16029793232798517,Low Risk
3453-RTHJQ,Male,0,No,No,6,Yes,No,Fiber optic,No,No,No,No,No,No,Month-to-month,Yes,Electronic check,69.1,435.0,0,0,0-12 Months,Medium,Medium Risk,0-12 Months,1,0.6925133168941112,Medium Risk
1069-QJOEE,Male,0,Yes,Yes,25,Yes,No,No,No internet service,No internet service,No internet service,No internet service,No internet service,No internet service,One year,No,Electronic check,19.9,505.45,0,0,25-48 Months,Low,Low Risk,25-48 Months,0,0.03891630321819906,Low Risk
0281-CNTZX,Male,0,Yes,No,63,Yes,No,No,No internet service,No internet service,No internet service,No internet service,No internet service,No internet service,Two year,Yes,Bank transfer (automatic),19.95,1234.8,0,0,49+ Months,Low,Low Risk,49+ Months,0,0.006073925298342332,Low Risk
0058-EVZWM,Female,0,Yes,No,55,Yes,Yes,Fiber optic,Yes,No,No,No,Yes,No,Month-to-month,Yes,Bank transfer (automatic),89.8,4959.6,0,0,49+ Months,High,Medium Risk,49+ Months,0,0.3024358175342465,Low Risk
6008-NAIXK,Male,1,No,No,54,No,No phone service,DSL,No,Yes,Yes,No,Yes,Yes,One year,Yes,Electronic check,55.45,2966.95,0,0,49+ Months,Medium,Low Risk,49+ Months,0,0.2305217206770735,Low Risk
3191-CSNMG,Female,0,Yes,Yes,3,Yes,No,Fiber optic,No,No,No,No,Yes,No,Month-to-month,Yes,Electronic check,80.7,239.45,0,0,0-12 Months,High,High Risk,0-12 Months,1,0.7178549607285587,High Risk
0909-SELIE,Male,0,Yes,No,61,Yes,Yes,DSL,Yes,Yes,Yes,Yes,No,Yes,Two year,Yes,Bank transfer (automatic),80.8,4860.85,0,0,49+ Months,High,Low Risk,49+ Months,0,0.016802680820463003,Low Risk
4237-CLSMM,Male,0,Yes,No,2,Yes,No,No,No internet service,No internet service,No internet service,No internet service,No internet service,No internet service,Month-to-month,No,Mailed check,20.0,38.0,0,0,0-12 Months,Low,Medium Risk,0-12 Months,0,0.2103772497820021,Low Risk
5196-SGOAK,Female,0,No,No,1,Yes,No,Fiber optic,No,Yes,No,No,No,No,Month-to-month,Yes,Electronic check,75.7,75.7,1,0,0-12 Months,High,High Risk,0-12 Months,1,0.6837849382099925,Medium Risk
6543-CPZMK,Male,0,Yes,Yes,9,No,No phone service,DSL,No,Yes,No,No,No,No,Month-to-month,Yes,Electronic check,29.95,248.95,1,0,0-12 Months,Low,Medium Risk,0-12 Months,0,0.4382220689313917,Medium Risk
8272-ONJLV,Male,0,No,No,12,Yes,No,Fiber optic,No,No,Yes,No,Yes,Yes,One year,No,Electronic check,95.7,1184.0,0,0,0-12 Months,High,Medium Risk,0-12 Months,0,0.3390028739790315,Low Risk
3313-QKNKB,Male,0,Yes,No,59,Yes,Yes,Fiber optic,No,No,No,No,No,Yes,One year,No,Electronic check,85.55,5084.65,1,0,49+ Months,High,Low Risk,49+ Months,0,0.21312069230480182,Low Risk
3675-EQOZA,Male,0,No,No,5,Yes,No,No,No internet service,No internet service,No internet service,No internet service,No internet service,No internet service,Month-to-month,No,Bank transfer (automatic),20.65,93.55,0,0,0-12 Months,Low,Medium Risk,0-12 Months,0,0.1745931740492913,Low Risk
7893-IXHRQ,Male,0,No,No,1,Yes,No,No,No internet service,No internet service,No internet service,No internet service,No internet service,No internet service,Month-to-month,No,Electronic check,20.55,20.55,1,0,0-12 Months,Low,Medium Risk,0-12 Months,0,0.2732101137615738,Low Risk
3190-FZATL,Male,0,No,Yes,14,Yes,No,No,No internet service,No internet service,No internet service,No internet service,No internet service,No internet service,Month-to-month,No,Mailed check,19.95,268.4,0,0,13-24 Months,Low,Medium Risk,13-24 Months,0,0.07461109408083548,Low Risk
2731-GJRDG,Female,0,No,No,32,Yes,Yes,Fiber optic,Yes,No,Yes,Yes,Yes,Yes,One year,Yes,Bank transfer (automatic),109.55,3608.0,0,0,25-48 Months,High,Low Risk,25-48 Months,0,0.23323394559164057,Low Risk
0076-LVEPS,Male,0,No,Yes,29,No,No phone service,DSL,Yes,Yes,Yes,Yes,No,No,Month-to-month,Yes,Mailed check,45.0,1242.45,0,0,25-48 Months,Medium,Medium Risk,25-48 Months,0,0.11456823048272706,Low Risk
2252-NKNSI,Male,0,No,Yes,52,Yes,Yes,DSL,Yes,Yes,No,Yes,Yes,Yes,Two year,Yes,Mailed check,85.15,4461.85,0,0,49+ Months,High,Low Risk,49+ Months,0,0.028199903282183858,Low Risk
2897-DOVND,Male,0,No,No,2,Yes,No,Fiber optic,No,No,No,No,No,No,Month-to-month,Yes,Electronic check,69.8,146.65,0,0,0-12 Months,Medium,Medium Risk,0-12 Months,1,0.7230661436531757,High Risk
4465-VDKIQ,Female,0,No,No,18,Yes,No,Fiber optic,No,Yes,Yes,No,No,No,Month-to-month,No,Electronic check,77.8,1358.6,0,0,13-24 Months,High,Medium Risk,13-24 Months,0,0.37599830244777194,Low Risk
8652-YHIYU,Female,0,No,Yes,16,Yes,Yes,Fiber optic,No,No,No,Yes,No,No,One year,Yes,Credit card (automatic),79.5,1264.2,0,0,13-24 Months,High,Low Risk,13-24 Months,0,0.22318068603383448,Low Risk
8016-NCFVO,Male,1,No,No,55,Yes,Yes,Fiber optic,Yes,Yes,Yes,Yes,Yes,Yes,Month-to-month,Yes,Electronic check,116.5,6382.55,0,0,49+ Months,High,Medium Risk,49+ Months,0,0.4092912465015439,Medium Risk
8626-PTQGE,Male,0,No,No,69,No,No phone service,DSL,Yes,Yes,No,Yes,Yes,Yes,Two year,Yes,Bank transfer (automatic),60.05,4176.7,0,0,49+ Months,Medium,Low Risk,49+ Months,0,0.018910704169182738,Low Risk
9685-WKZGT,Male,1,No,No,14,Yes,Yes,Fiber optic,No,No,No,No,No,No,Month-to-month,Yes,Electronic check,74.95,1036.75,1,0,13-24 Months,High,Medium Risk,13-24 Months,1,0.6399535881815003,Medium Risk
7502-BNYGS,Female,0,Yes,No,46,Yes,No,DSL,No,Yes,No,No,Yes,Yes,Month-to-month,Yes,Credit card (automatic),69.1,3168.0,0,0,25-48 Months,Medium,Medium Risk,25-48 Months,0,0.1355468305079274,Low Risk
1619-YWUBB,Female,0,Yes,No,68,Yes,Yes,No,No internet service,No internet service,No internet service,No internet service,No internet service,No internet service,Two year,Yes,Credit card (automatic),24.95,1614.9,0,0,49+ Months,Low,Low Risk,49+ Months,0,0.007822606947724672,Low Risk
0851-DFJKB,Female,0,No,No,15,Yes,No,DSL,Yes,No,Yes,Yes,No,No,Month-to-month,No,Electronic check,58.95,955.15,0,0,13-24 Months,Medium,Medium Risk,13-24 Months,0,0.13630205687560415,Low Risk
7009-PCARS,Male,0,No,Yes,55,Yes,No,No,No internet service,No internet service,No internet service,No internet service,No internet service,No internet service,One year,No,Bank transfer (automatic),19.1,1001.5,0,0,49+ Months,Low,Low Risk,49+ Months,0,0.011659543394975913,Low Risk
9258-CNWAC,Female,0,Yes,Yes,71,Yes,Yes,Fiber optic,Yes,Yes,Yes,Yes,Yes,Yes,Two year,No,Credit card (automatic),113.65,8166.8,0,0,49+ Months,High,Low Risk,49+ Months,0,0.03500272318124186,Low Risk
0106-GHRQR,Male,0,No,No,16,Yes,Yes,DSL,No,Yes,Yes,No,No,Yes,Month-to-month,Yes,Bank transfer (automatic),71.4,1212.1,0,0,13-24 Months,High,Medium Risk,13-24 Months,0,0.28942172535251814,Low Risk
2984-RGEYA,Female,0,Yes,Yes,69,Yes,No,No,No internet service,No internet service,No internet service,No internet service,No internet service,No internet service,Two year,No,Bank transfer (automatic),19.75,1375.4,0,0,49+ Months,Low,Low Risk,49+ Months,0,0.002861292510399493,Low Risk
0513-RBGPE,Male,0,Yes,Yes,37,Yes,Yes,DSL,Yes,No,Yes,Yes,No,No,Two year,Yes,Credit card (automatic),62.8,2278.75,0,0,25-48 Months,Medium,Low Risk,25-48 Months,0,0.020616032765258335,Low Risk
9122-UMROB,Male,0,No,No,1,Yes,No,No,No internet service,No internet service,No internet service,No internet service,No internet service,No internet service,Month-to-month,No,Mailed check,20.3,20.3,0,0,0-12 Months,Low,Medium Risk,0-12 Months,0,0.21912074536192427,Low Risk
1265-HVPZB,Male,0,Yes,No,59,Yes,No,DSL,Yes,Yes,Yes,No,Yes,No,One year,No,Credit card (automatic),66.4,3958.2,0,0,49+ Months,Medium,Low Risk,49+ Months,0,0.03295175426071415,Low Risk
2604-IJPDU,Female,0,Yes,No,20,Yes,No,Fiber optic,Yes,Yes,No,Yes,Yes,No,Month-to-month,Yes,Electronic check,96.55,1901.65,0,0,13-24 Months,High,Medium Risk,13-24 Months,0,0.2911884080380043,Low Risk
8879-XUAHX,Male,0,Yes,No,71,Yes,Yes,Fiber optic,Yes,Yes,Yes,Yes,Yes,Yes,Two year,Yes,Electronic check,116.25,8564.75,0,0,49+ Months,High,Low Risk,49+ Months,0,0.07297651289986722,Low Risk
0975-UYDTX,Female,0,Yes,No,26,Yes,Yes,DSL,Yes,Yes,Yes,Yes,Yes,Yes,One year,Yes,Credit card (automatic),90.1,2312.55,0,0,25-48 Months,High,Low Risk,25-48 Months,0,0.11072987482950085,Low Risk
5281-BUZGT,Male,1,No,No,36,Yes,Yes,Fiber optic,Yes,No,No,No,Yes,No,Month-to-month,Yes,Electronic check,90.85,3186.7,1,0,25-48 Months,High,Medium Risk,25-48 Months,0,0.46124770449215535,Medium Risk
8314-HTWVE,Female,0,Yes,Yes,7,Yes,No,No,No internet service,No internet service,No internet service,No internet service,No internet service,No internet service,Two year,No,Mailed check,19.85,144.15,0,0,0-12 Months,Low,Medium Risk,0-12 Months,0,0.018852943822759847,Low Risk
1038-RQOST,Male,0,Yes,Yes,19,Yes,No,No,No internet service,No internet service,No internet service,No internet service,No internet service,No internet service,Month-to-month,No,Mailed check,20.6,414.95,0,0,13-24 Months,Low,Medium Risk,13-24 Months,0,0.05837653421978676,Low Risk
5889-JTMUL,Female,1,Yes,No,50,Yes,Yes,Fiber optic,No,Yes,Yes,No,Yes,No,Month-to-month,Yes,Electronic check,95.05,4888.7,1,0,49+ Months,High,Medium Risk,49+ Months,1,0.5655968048563949,Medium Risk
9747-DDZOS,Female,0,No,No,1,Yes,No,Fiber optic,No,No,Yes,No,No,No,Month-to-month,No,Bank transfer (automatic),73.5,73.5,1,0,0-12 Months,High,High Risk,0-12 Months,1,0.5970059185318982,Medium Risk
2748-MYRVK,Female,0,No,No,63,Yes,Yes,Fiber optic,No,Yes,No,No,Yes,Yes,One year,No,Bank transfer (automatic),99.9,6137.0,1,0,49+ Months,High,Low Risk,49+ Months,0,0.16832667000943358,Low Risk
7654-YWJUF,Male,0,Yes,No,43,Yes,No,Fiber optic,Yes,No,Yes,Yes,No,No,One year,Yes,Bank transfer (automatic),84.25,3539.25,0,0,25-48 Months,High,Low Risk,25-48 Months,0,0.0644177569754628,Low Risk
6823-SIDFQ,Male,0,No,No,28,Yes,No,No,No internet service,No internet service,No internet service,No internet service,No internet service,No internet service,One year,No,Credit card (automatic),18.25,534.7,0,0,25-48 Months,Low,Low Risk,25-48 Months,0,0.03210483746933003,Low Risk
7463-IFMQU,Female,0,Yes,No,72,Yes,No,No,No internet service,No internet service,No internet service,No internet service,No internet service,No internet service,Two year,No,Bank transfer (automatic),20.05,1423.65,0,0,49+ Months,Low,Low Risk,49+ Months,0,0.0030234082145664484,Low Risk
1658-XUHBX,Female,1,Yes,Yes,59,Yes,Yes,Fiber optic,No,No,Yes,No,No,Yes,Month-to-month,Yes,Credit card (automatic),88.75,5348.65,0,0,49+ Months,High,Medium Risk,49+ Months,0,0.3844124358247499,Low Risk
8993-PHFWD,Female,0,No,No,3,No,No phone service,DSL,No,No,No,No,No,No,Month-to-month,No,Electronic check,25.25,58.9,1,0,0-12 Months,Low,Medium Risk,0-12 Months,1,0.5429960768398049,Medium Risk
2700-LUEVA,Male,0,No,No,1,Yes,No,No,No internet service,No internet service,No internet service,No internet service,No internet service,No internet service,Month-to-month,No,Credit card (automatic),20.75,20.75,0,0,0-12 Months,Low,Medium Risk,0-12 Months,0,0.21530570912255803,Low Risk
1965-DDBWU,Male,0,No,No,16,Yes,Yes,Fiber optic,No,No,No,Yes,No,Yes,Month-to-month,Yes,Credit card (automatic),89.05,1448.6,1,0,13-24 Months,High,Medium Risk,13-24 Months,0,0.4784974831766715,Medium Risk
1768-HNVGJ,Female,1,No,No,45,Yes,Yes,DSL,Yes,No,No,Yes,No,Yes,Month-to-month,Yes,Electronic check,70.05,3062.45,0,0,25-48 Months,High,Medium Risk,25-48 Months,0,0.1348448235388,Low Risk
3858-XHYJO,Female,0,Yes,No,40,Yes,Yes,Fiber optic,Yes,No,Yes,No,Yes,Yes,One year,No,Bank transfer (automatic),105.75,4228.55,0,0,25-48 Months,High,Low Risk,25-48 Months,0,0.18504193962301507,Low Risk
2284-VFLKH,Male,0,Yes,No,49,Yes,No,Fiber optic,No,No,Yes,Yes,Yes,Yes,One year,Yes,Credit card (automatic),99.25,4920.8,0,0,49+ Months,High,Low Risk,49+ Months,0,0.2306599760412232,Low Risk
2609-IAICY,Female,0,No,No,1,Yes,Yes,Fiber optic,No,No,No,No,No,No,Month-to-month,Yes,Electronic check,77.15,77.15,1,0,0-12 Months,High,High Risk,0-12 Months,1,0.7836173803759322,High Risk
8930-XOTDP,Female,0,Yes,Yes,18,Yes,No,DSL,No,No,No,No,Yes,No,Month-to-month,No,Mailed check,55.95,1082.8,0,0,13-24 Months,Medium,Medium Risk,13-24 Months,0,0.17519310370501612,Low Risk
2434-EEVDB,Female,0,Yes,No,64,Yes,Yes,Fiber optic,Yes,No,Yes,No,Yes,No,Two year,Yes,Credit card (automatic),94.6,5948.7,0,0,49+ Months,High,Low Risk,49+ Months,0,0.07668625313134224,Low Risk
4973-MGTON,Female,0,Yes,No,71,Yes,No,DSL,Yes,Yes,Yes,Yes,Yes,Yes,Two year,Yes,Credit card (automatic),84.4,5969.3,0,0,49+ Months,High,Low Risk,49+ Months,0,0.012299615638147781,Low Risk
6227-HWPWX,Female,0,No,Yes,15,Yes,No,Fiber optic,No,No,No,No,No,No,Month-to-month,No,Bank transfer (automatic),69.0,994.8,1,0,13-24 Months,Medium,Medium Risk,13-24 Months,0,0.3037425447916604,Low Risk
1541-ETJZO,Male,0,No,No,1,Yes,Yes,DSL,No,No,Yes,Yes,No,No,Month-to-month,No,Mailed check,62.05,62.05,1,0,0-12 Months,Medium,Medium Risk,0-12 Months,0,0.3854147869267247,Low Risk
3682-YEUWS,Male,0,Yes,Yes,10,Yes,Yes,No,No internet service,No internet service,No internet service,No internet service,No internet service,No internet service,Month-to-month,Yes,Mailed check,24.4,253.9,0,0,0-12 Months,Low,Medium Risk,0-12 Months,0,0.2232708334165421,Low Risk
6953-PBDIN,Male,0,Yes,No,70,Yes,Yes,DSL,No,Yes,Yes,Yes,Yes,No,Two year,No,Bank transfer (automatic),72.95,5265.55,0,0,49+ Months,High,Low Risk,49+ Months,0,0.014118479617901851,Low Risk
6332-FBZRI,Male,0,Yes,Yes,67,Yes,Yes,DSL,Yes,Yes,Yes,Yes,No,No,One year,Yes,Credit card (automatic),69.35,4653.25,0,0,49+ Months,Medium,Low Risk,49+ Months,0,0.018754235413191964,Low Risk
0754-EEBDC,Male,0,Yes,Yes,4,Yes,No,No,No internet service,No internet service,No internet service,No internet service,No internet service,No internet service,Two year,No,Mailed check,19.9,76.65,0,0,0-12 Months,Low,Medium Risk,0-12 Months,0,0.021124805705852408,Low Risk
2535-PBCGC,Female,0,Yes,No,70,No,No phone service,DSL,Yes,Yes,Yes,Yes,Yes,Yes,Two year,No,Bank transfer (automatic),64.55,4504.9,0,0,49+ Months,Medium,Low Risk,49+ Months,0,0.015273866912035713,Low Risk
5167-ZFFMM,Male,0,No,No,1,Yes,Yes,Fiber optic,No,Yes,No,No,No,Yes,Month-to-month,Yes,Credit card (automatic),90.85,90.85,1,0,0-12 Months,High,High Risk,0-12 Months,1,0.7379972255219365,High Risk
2659-VXMWZ,Male,0,Yes,Yes,67,Yes,Yes,Fiber optic,Yes,Yes,Yes,No,Yes,Yes,One year,Yes,Electronic check,111.3,7482.1,1,0,49+ Months,High,Low Risk,49+ Months,0,0.168816122671473,Low Risk
0506-LVNGN,Female,1,No,No,5,Yes,No,Fiber optic,No,No,Yes,No,No,No,Month-to-month,Yes,Credit card (automatic),75.55,349.65,1,0,0-12 Months,High,High Risk,0-12 Months,1,0.6772182140623585,Medium Risk
0323-XWWTN,Male,0,No,Yes,3,Yes,Yes,No,No internet service,No internet service,No internet service,No internet service,No internet service,No internet service,Two year,Yes,Mailed check,26.4,121.25,0,0,0-12 Months,Low,Medium Risk,0-12 Months,0,0.041020153540491766,Low Risk
3679-XASPY,Female,0,Yes,Yes,1,Yes,No,No,No internet service,No internet service,No internet service,No internet service,No internet service,No internet service,Month-to-month,No,Electronic check,19.45,19.45,0,0,0-12 Months,Low,Medium Risk,0-12 Months,0,0.2414904323436341,Low Risk
4092-OFQZS,Male,0,Yes,No,20,Yes,No,No,No internet service,No internet service,No internet service,No internet service,No internet service,No internet service,One year,No,Mailed check,20.65,417.5,0,0,13-24 Months,Low,Low Risk,13-24 Months,0,0.03474999091353554,Low Risk
3227-WLKLI,Female,0,Yes,Yes,65,Yes,Yes,DSL,Yes,Yes,Yes,Yes,Yes,Yes,Two year,No,Bank transfer (automatic),91.55,5963.95,0,0,49+ Months,High,Low Risk,49+ Months,0,0.012958095080338877,Low Risk
0447-BEMNG,Female,0,Yes,No,48,No,No phone service,DSL,Yes,No,Yes,No,No,Yes,Month-to-month,Yes,Bank transfer (automatic),45.3,2145.0,1,0,25-48 Months,Medium,Medium Risk,25-48 Months,0,0.12281969505496426,Low Risk
5968-HYJRZ,Male,0,Yes,Yes,47,Yes,Yes,No,No internet service,No internet service,No internet service,No internet service,No internet service,No internet service,Two year,No,Mailed check,24.55,1160.45,0,0,25-48 Months,Low,Low Risk,25-48 Months,0,0.0072453746387179125,Low Risk
3331-HQDTW,Female,0,No,No,34,Yes,Yes,Fiber optic,Yes,Yes,Yes,No,Yes,Yes,Month-to-month,Yes,Mailed check,109.8,3587.25,1,0,25-48 Months,High,Medium Risk,25-48 Months,0,0.4134714695285658,Medium Risk
4102-HLENU,Female,0,Yes,No,67,Yes,Yes,DSL,Yes,Yes,Yes,No,No,No,Two year,No,Mailed check,65.65,4322.85,0,0,49+ Months,Medium,Low Risk,49+ Months,0,0.011391018663579614,Low Risk
0946-FKYTX,Male,0,No,No,52,No,No phone service,DSL,No,Yes,No,No,No,No,One year,No,Mailed check,30.1,1623.4,0,0,49+ Months,Medium,Low Risk,49+ Months,0,0.0663723357124128,Low Risk
8869-LIHMK,Female,0,No,No,64,Yes,Yes,Fiber optic,Yes,Yes,Yes,Yes,Yes,Yes,Two year,Yes,Bank transfer (automatic),115.1,7334.05,0,0,49+ Months,High,Low Risk,49+ Months,0,0.0649148519870613,Low Risk
1853-ARAAQ,Female,0,No,No,26,No,No phone service,DSL,No,No,Yes,No,Yes,Yes,Month-to-month,Yes,Credit card (automatic),50.35,1277.5,0,0,25-48 Months,Medium,Medium Risk,25-48 Months,0,0.45212124528833997,Medium Risk
2159-TURXX,Male,0,No,No,5,Yes,No,No,No internet service,No internet service,No internet service,No internet service,No internet service,No internet service,Month-to-month,No,Credit card (automatic),20.05,95.55,0,0,0-12 Months,Low,Medium Risk,0-12 Months,0,0.18672041451606444,Low Risk
6270-OMFIW,Male,0,Yes,No,60,Yes,No,Fiber optic,No,Yes,No,No,Yes,Yes,One year,Yes,Electronic check,94.4,5610.25,1,0,49+ Months,High,Low Risk,49+ Months,0,0.2242558724420342,Low Risk
1230-QAJDW,Male,0,No,No,3,Yes,Yes,DSL,No,No,No,Yes,Yes,No,Month-to-month,Yes,Mailed check,65.25,209.9,0,0,0-12 Months,Medium,Medium Risk,0-12 Months,1,0.5032574570897973,Medium Risk
0723-VSOBE,Female,1,No,No,45,No,No phone service,DSL,No,No,No,No,No,Yes,One year,No,Electronic check,34.2,1596.6,0,0,25-48 Months,Medium,Low Risk,25-48 Months,0,0.1310712137706698,Low Risk
2585-KTFRE,Male,0,No,Yes,1,Yes,No,DSL,Yes,Yes,No,Yes,No,Yes,Month-to-month,Yes,Bank transfer (automatic),70.45,70.45,0,0,0-12 Months,High,High Risk,0-12 Months,0,0.22355633933147356,Low Risk
7130-VTEWQ,Female,1,No,No,8,Yes,Yes,Fiber optic,No,No,No,No,No,No,Month-to-month,Yes,Electronic check,75.75,606.25,1,0,0-12 Months,High,High Risk,0-12 Months,1,0.7763718768338108,High Risk
8406-LNMHF,Male,1,Yes,No,59,Yes,No,Fiber optic,Yes,Yes,Yes,No,No,No,One year,Yes,Credit card (automatic),82.95,4903.15,0,0,49+ Months,High,Low Risk,49+ Months,0,0.09646844786656664,Low Risk
7410-KTVFV,Male,0,Yes,No,18,Yes,No,DSL,No,No,Yes,No,No,No,Month-to-month,Yes,Mailed check,49.55,878.35,1,0,13-24 Months,Medium,Medium Risk,13-24 Months,0,0.21405971352060077,Low Risk
7074-STDCN,Male,0,No,No,39,No,No phone service,DSL,No,No,No,Yes,No,Yes,Month-to-month,Yes,Electronic check,40.6,1494.5,0,0,25-48 Months,Medium,Medium Risk,25-48 Months,0,0.22495589686659673,Low Risk
6980-IMXXE,Female,0,Yes,Yes,69,Yes,No,No,No internet service,No internet service,No internet service,No internet service,No internet service,No internet service,Two year,No,Bank transfer (automatic),20.2,1412.65,0,0,49+ Months,Low,Low Risk,49+ Months,0,0.002845049075566193,Low Risk
0486-HECZI,Male,0,Yes,No,55,Yes,Yes,Fiber optic,Yes,Yes,No,No,Yes,No,Month-to-month,Yes,Electronic check,96.75,5238.9,1,0,49+ Months,High,Medium Risk,49+ Months,0,0.33589991829911864,Low Risk
7569-NMZYQ,Female,0,Yes,Yes,72,Yes,Yes,Fiber optic,Yes,Yes,Yes,Yes,Yes,Yes,Two year,Yes,Bank transfer (automatic),118.75,8672.45,0,0,49+ Months,High,Low Risk,49+ Months,0,0.03920987562040138,Low Risk
4819-HJPIW,Male,0,No,No,18,No,No phone service,DSL,No,No,No,No,No,No,Month-to-month,No,Mailed check,25.15,476.8,0,0,13-24 Months,Low,Medium Risk,13-24 Months,0,0.21832187552395507,Low Risk
8309-PPCED,Female,0,Yes,No,72,Yes,Yes,Fiber optic,No,Yes,Yes,Yes,Yes,Yes,Two year,Yes,Bank transfer (automatic),110.45,7982.5,0,0,49+ Months,High,Low Risk,49+ Months,0,0.06958212298964955,Low Risk
7312-XSBAT,Male,0,No,No,1,Yes,No,DSL,Yes,No,No,No,No,No,Month-to-month,No,Electronic check,49.75,49.75,0,0,0-12 Months,Medium,Medium Risk,0-12 Months,0,0.35957869943735815,Low Risk
6598-RFFVI,Male,0,No,No,2,Yes,No,No,No internet service,No internet service,No internet service,No internet service,No internet service,No internet service,One year,No,Credit card (automatic),19.3,28.3,1,0,0-12 Months,Low,Medium Risk,0-12 Months,0,0.05903351301995107,Low Risk
9945-PSVIP,Female,0,Yes,Yes,25,Yes,No,No,No internet service,No internet service,No internet service,No internet service,No internet service,No internet service,Two year,Yes,Mailed check,18.7,383.65,0,0,25-48 Months,Low,Low Risk,25-48 Months,0,0.019384218495724557,Low Risk
9531-NSBMR,Female,0,No,No,36,Yes,No,No,No internet service,No internet service,No internet service,No internet service,No internet service,No internet service,One year,Yes,Bank transfer (automatic),19.25,679.8,0,0,25-48 Months,Low,Low Risk,25-48 Months,0,0.02732695630716151,Low Risk
9796-MVYXX,Female,1,No,No,14,No,No phone service,DSL,Yes,No,Yes,Yes,No,No,Two year,No,Mailed check,39.7,692.35,0,0,13-24 Months,Medium,Low Risk,13-24 Months,0,0.06277146092929473,Low Risk
9512-UIBFX,Male,0,Yes,Yes,18,Yes,No,Fiber optic,No,No,Yes,No,Yes,Yes,Month-to-month,No,Mailed check,95.15,1779.95,1,0,13-24 Months,High,Medium Risk,13-24 Months,0,0.4138631976494483,Medium Risk
1657-DYMBM,Male,0,Yes,No,53,Yes,No,No,No internet service,No internet service,No internet service,No internet service,No internet service,No internet service,Two year,No,Credit card (automatic),19.9,1110.05,0,0,49+ Months,Low,Low Risk,49+ Months,0,0.007991334578475425,Low Risk
5204-QZXPU,Male,0,No,No,19,No,No phone service,DSL,No,No,Yes,No,Yes,No,Month-to-month,Yes,Electronic check,39.65,733.35,1,0,13-24 Months,Medium,Medium Risk,13-24 Months,0,0.47369755775809097,Medium Risk
9348-ROUAI,Female,0,Yes,Yes,59,Yes,Yes,DSL,Yes,Yes,Yes,Yes,Yes,Yes,Two year,No,Credit card (automatic),90.3,5194.05,0,0,49+ Months,High,Low Risk,49+ Months,0,0.017361123000567802,Low Risk
5288-AHOUP,Male,1,No,No,11,Yes,No,Fiber optic,No,No,No,No,No,Yes,Month-to-month,Yes,Electronic check,78.5,874.2,0,0,0-12 Months,High,High Risk,0-12 Months,1,0.7373003835145959,High Risk
4724-WXVWF,Male,0,No,No,48,Yes,Yes,Fiber optic,Yes,No,No,Yes,No,Yes,Month-to-month,Yes,Electronic check,95.4,4445.3,0,0,25-48 Months,High,Medium Risk,25-48 Months,0,0.2337028073072081,Low Risk
0222-CNVPT,Male,1,No,No,52,No,No phone service,DSL,Yes,No,No,No,Yes,Yes,Month-to-month,Yes,Credit card (automatic),48.8,2555.05,0,0,49+ Months,Medium,Medium Risk,49+ Months,0,0.2685745516906423,Low Risk
5447-VYTKW,Male,0,No,No,27,Yes,No,DSL,Yes,No,No,Yes,No,No,Month-to-month,No,Mailed check,53.45,1461.45,0,0,25-48 Months,Medium,Medium Risk,25-48 Months,0,0.07605223015351119,Low Risk
9208-OLGAQ,Female,1,No,No,18,Yes,No,Fiber optic,No,No,Yes,No,No,Yes,Month-to-month,Yes,Electronic check,84.95,1443.65,0,0,13-24 Months,High,Medium Risk,13-24 Months,1,0.5933782278458718,Medium Risk
6770-XUAGN,Female,0,Yes,Yes,1,Yes,No,No,No internet service,No internet service,No internet service,No internet service,No internet service,No internet service,Month-to-month,Yes,Electronic check,21.0,21.0,1,0,0-12 Months,Low,Medium Risk,0-12 Months,0,0.29048017809538745,Low Risk
7801-KICAO,Female,0,No,No,18,Yes,Yes,Fiber optic,No,No,No,No,No,No,Month-to-month,Yes,Electronic check,74.15,1345.75,0,0,13-24 Months,High,Medium Risk,13-24 Months,1,0.5625692764492091,Medium Risk
8929-KSWIH,Male,0,No,No,25,Yes,No,Fiber optic,No,No,Yes,Yes,Yes,Yes,Two year,No,Bank transfer (automatic),99.3,2513.5,0,0,25-48 Months,High,Low Risk,25-48 Months,0,0.11981851771826589,Low Risk
6599-GZWCM,Female,0,No,No,13,Yes,No,Fiber optic,No,Yes,No,No,No,No,One year,Yes,Mailed check,74.65,966.25,0,0,13-24 Months,High,Low Risk,13-24 Months,0,0.24824831588795732,Low Risk
2952-QAYZF,Male,0,No,No,5,Yes,Yes,Fiber optic,No,Yes,Yes,No,No,No,Month-to-month,Yes,Electronic check,85.3,424.15,1,0,0-12 Months,High,High Risk,0-12 Months,1,0.7325745968977526,High Risk
2737-YNGYW,Female,0,No,No,2,Yes,No,Fiber optic,No,No,No,No,No,Yes,Month-to-month,No,Electronic check,80.55,184.1,1,0,0-12 Months,High,High Risk,0-12 Months,1,0.7061539922315256,High Risk
1929-ZCBHE,Male,0,Yes,Yes,47,No,No phone service,DSL,Yes,No,Yes,Yes,No,No,One year,No,Electronic check,40.3,1794.8,0,0,25-48 Months,Medium,Low Risk,25-48 Months,0,0.031810232669310705,Low Risk
1166-PQLGG,Female,0,Yes,Yes,72,Yes,No,No,No internet service,No internet service,No internet service,No internet service,No internet service,No internet service,Two year,No,Bank transfer (automatic),19.55,1463.45,0,0,49+ Months,Low,Low Risk,49+ Months,0,0.002495688469895213,Low Risk
2650-GYRYL,Male,0,Yes,Yes,33,Yes,No,No,No internet service,No internet service,No internet service,No internet service,No internet service,No internet service,One year,Yes,Bank transfer (automatic),19.45,600.25,0,0,25-48 Months,Low,Low Risk,25-48 Months,0,0.0245561621081922,Low Risk
5627-TVBPP,Female,0,No,Yes,35,Yes,No,No,No internet service,No internet service,No internet service,No internet service,No internet service,No internet service,One year,Yes,Credit card (automatic),20.1,644.5,0,0,25-48 Months,Low,Low Risk,25-48 Months,0,0.024369231028652922,Low Risk
7445-WMRBW,Female,0,No,No,48,Yes,Yes,DSL,No,Yes,Yes,Yes,Yes,No,One year,Yes,Bank transfer (automatic),73.85,3581.4,0,0,25-48 Months,High,Low Risk,25-48 Months,0,0.05271034006844242,Low Risk
3223-DWFIO,Male,1,No,No,4,Yes,No,Fiber optic,No,No,No,No,No,No,Month-to-month,No,Electronic check,69.35,261.65,0,0,0-12 Months,Medium,Medium Risk,0-12 Months,1,0.6907486142213901,Medium Risk
6704-UTUKK,Male,0,Yes,No,29,No,No phone service,DSL,No,No,No,No,Yes,Yes,Month-to-month,Yes,Electronic check,45.9,1332.4,0,0,25-48 Months,Medium,Medium Risk,25-48 Months,0,0.46825508579546143,Medium Risk
8397-MVTAZ,Male,0,Yes,No,34,Yes,Yes,Fiber optic,No,No,Yes,No,Yes,Yes,Month-to-month,Yes,Electronic check,100.05,3480.0,1,0,25-48 Months,High,Medium Risk,25-48 Months,1,0.6200853550886216,Medium Risk
8882-TLVRW,Male,0,Yes,Yes,69,No,No phone service,DSL,Yes,No,Yes,Yes,No,No,Two year,No,Mailed check,39.1,2779.5,0,0,49+ Months,Medium,Low Risk,49+ Months,0,0.007871208365403719,Low Risk
8409-WQJUX,Female,0,No,No,25,No,No phone service,DSL,No,No,Yes,Yes,Yes,Yes,One year,No,Electronic check,54.2,1423.15,0,0,25-48 Months,Medium,Low Risk,25-48 Months,0,0.24372564161246318,Low Risk
8218-FFJDS,Female,0,Yes,No,72,Yes,Yes,DSL,Yes,Yes,No,Yes,Yes,Yes,Two year,Yes,Bank transfer (automatic),86.4,6058.95,0,0,49+ Months,High,Low Risk,49+ Months,0,0.014429369372947283,Low Risk
3769-MHZNV,Female,0,Yes,Yes,33,Yes,No,No,No internet service,No internet service,No internet service,No internet service,No internet service,No internet service,Two year,No,Mailed check,20.1,670.35,0,0,25-48 Months,Low,Low Risk,25-48 Months,0,0.009772496288303805,Low Risk
3301-VKTGC,Male,0,Yes,Yes,68,Yes,Yes,Fiber optic,Yes,Yes,No,No,No,No,One year,Yes,Bank transfer (automatic),85.5,5696.6,0,0,49+ Months,High,Low Risk,49+ Months,0,0.05628104291858874,Low Risk
7242-EDTYC,Male,0,No,Yes,44,Yes,No,No,No internet service,No internet service,No internet service,No internet service,No internet service,No internet service,Two year,No,Bank transfer (automatic),19.55,819.95,0,0,25-48 Months,Low,Low Risk,25-48 Months,0,0.005241150858597252,Low Risk
2817-LVCPP,Female,0,No,No,50,Yes,No,No,No internet service,No internet service,No internet service,No internet service,No internet service,No internet service,Two year,No,Credit card (automatic),19.4,1023.95,0,0,49+ Months,Low,Low Risk,49+ Months,0,0.009669127215933304,Low Risk
3460-TJBWI,Male,0,Yes,Yes,24,Yes,Yes,No,No internet service,No internet service,No internet service,No internet service,No internet service,No internet service,Two year,No,Mailed check,24.2,609.05,0,0,13-24 Months,Low,Low Risk,13-24 Months,0,0.016931923171760094,Low Risk
0377-JBKKT,Male,0,Yes,Yes,22,Yes,No,DSL,Yes,Yes,No,Yes,No,No,Month-to-month,Yes,Mailed check,57.95,1271.8,0,0,13-24 Months,Medium,Medium Risk,13-24 Months,0,0.06729175327632692,Low Risk
8915-NNTRC,Male,0,Yes,Yes,72,Yes,Yes,Fiber optic,Yes,Yes,No,Yes,Yes,Yes,Two year,Yes,Credit card (automatic),107.7,7919.8,0,0,49+ Months,High,Low Risk,49+ Months,0,0.04048140611747887,Low Risk
6856-RAURS,Female,0,No,No,2,Yes,Yes,Fiber optic,No,No,No,No,No,No,Month-to-month,Yes,Mailed check,74.9,136.05,0,0,0-12 Months,High,High Risk,0-12 Months,1,0.7311242515678816,High Risk
0487-CRLZF,Female,0,No,No,49,Yes,No,DSL,No,No,Yes,Yes,Yes,Yes,Two year,Yes,Bank transfer (automatic),74.45,3721.9,0,0,49+ Months,High,Low Risk,49+ Months,0,0.046067814923936634,Low Risk
3807-BPOMJ,Female,0,Yes,No,55,Yes,No,Fiber optic,Yes,No,No,No,Yes,Yes,One year,Yes,Electronic check,94.75,5276.1,0,0,49+ Months,High,Low Risk,49+ Months,0,0.22483997185140697,Low Risk
3006-XIMLN,Female,0,No,Yes,2,Yes,Yes,Fiber optic,No,No,No,No,Yes,Yes,Month-to-month,Yes,Bank transfer (automatic),94.2,193.8,1,0,0-12 Months,High,High Risk,0-12 Months,1,0.7776868894885216,High Risk
3750-CKVKH,Male,0,No,No,2,Yes,No,Fiber optic,No,No,No,No,No,No,Month-to-month,Yes,Electronic check,67.75,116.65,1,0,0-12 Months,Medium,Medium Risk,0-12 Months,1,0.7321618045647224,High Risk
2391-SOORI,Male,0,No,Yes,4,Yes,No,DSL,Yes,No,No,No,No,No,Month-to-month,No,Electronic check,49.35,219.65,1,0,0-12 Months,Medium,Medium Risk,0-12 Months,0,0.2874147641428162,Low Risk
6338-AVWCY,Male,0,No,No,3,No,No phone service,DSL,No,No,Yes,No,Yes,No,Month-to-month,Yes,Mailed check,40.15,130.75,1,0,0-12 Months,Medium,Medium Risk,0-12 Months,1,0.675562477809895,Medium Risk
3237-AJGEH,Female,0,Yes,Yes,3,No,No phone service,DSL,No,No,No,Yes,No,No,Month-to-month,Yes,Mailed check,31.0,95.05,1,0,0-12 Months,Medium,Medium Risk,0-12 Months,0,0.45812650399683186,Medium Risk
8695-ARGXZ,Male,1,Yes,No,34,Yes,Yes,Fiber optic,No,No,No,No,No,No,Month-to-month,Yes,Electronic check,75.55,2425.4,0,0,25-48 Months,High,Medium Risk,25-48 Months,0,0.493470947907524,Medium Risk
6559-RAKOZ,Male,0,Yes,Yes,49,Yes,Yes,Fiber optic,No,No,No,Yes,Yes,Yes,One year,Yes,Electronic check,97.95,4917.9,0,0,49+ Months,High,Low Risk,49+ Months,0,0.31931110347809966,Low Risk
1867-BDVFH,Male,0,Yes,Yes,11,Yes,Yes,Fiber optic,No,No,No,No,No,No,Month-to-month,Yes,Electronic check,74.35,834.2,1,0,0-12 Months,High,High Risk,0-12 Months,1,0.6682124435746418,Medium Risk
3597-YASZG,Female,1,Yes,No,70,Yes,Yes,Fiber optic,No,Yes,No,Yes,Yes,Yes,Two year,Yes,Bank transfer (automatic),104.45,7349.35,0,0,49+ Months,High,Low Risk,49+ Months,0,0.0836186196257526,Low Risk
6483-OATDN,Male,0,Yes,Yes,8,Yes,No,DSL,Yes,No,No,No,No,No,Month-to-month,Yes,Credit card (automatic),51.3,411.6,0,0,0-12 Months,Medium,Medium Risk,0-12 Months,0,0.23769136129191754,Low Risk
7531-GQHME,Male,0,No,No,12,Yes,No,No,No internet service,No internet service,No internet service,No internet service,No internet service,No internet service,Month-to-month,No,Credit card (automatic),20.05,265.45,0,0,0-12 Months,Low,Medium Risk,0-12 Months,0,0.14090589027004016,Low Risk
8840-DQLGN,Female,1,Yes,No,35,Yes,Yes,Fiber optic,Yes,Yes,No,Yes,Yes,No,Month-to-month,Yes,Bank transfer (automatic),100.5,3653.35,1,0,25-48 Months,High,Medium Risk,25-48 Months,0,0.28175659461527514,Low Risk
6583-SZVGP,Male,0,No,No,48,Yes,Yes,Fiber optic,No,Yes,Yes,No,Yes,Yes,Two year,Yes,Bank transfer (automatic),108.1,5067.45,0,0,25-48 Months,High,Low Risk,25-48 Months,0,0.11079888498824758,Low Risk
8182-PNAGI,Male,0,No,No,12,Yes,No,DSL,No,No,No,Yes,No,No,Month-to-month,No,Bank transfer (automatic),50.25,593.75,1,0,0-12 Months,Medium,Medium Risk,0-12 Months,0,0.19740872879497973,Low Risk
0315-LVCRK,Male,0,No,No,11,Yes,No,Fiber optic,No,No,Yes,No,No,Yes,Month-to-month,No,Electronic check,84.8,888.75,0,0,0-12 Months,High,High Risk,0-12 Months,1,0.6344693721554896,Medium Risk
1853-UDXBW,Male,0,Yes,Yes,1,Yes,No,Fiber optic,No,No,No,No,No,No,Month-to-month,Yes,Electronic check,70.0,70.0,1,0,0-12 Months,High,High Risk,0-12 Months,1,0.6741070710963198,Medium Risk
2930-UOTMB,Female,0,No,No,31,Yes,Yes,DSL,Yes,No,Yes,Yes,No,No,Month-to-month,No,Credit card (automatic),65.25,1994.3,1,0,25-48 Months,Medium,Medium Risk,25-48 Months,0,0.09581118861282786,Low Risk
6023-YEBUP,Male,0,No,No,3,Yes,Yes,Fiber optic,No,No,Yes,No,Yes,Yes,Month-to-month,Yes,Electronic check,100.95,329.95,1,0,0-12 Months,High,High Risk,0-12 Months,1,0.8561914773296063,High Risk
2995-UPRYS,Female,1,Yes,No,40,Yes,No,Fiber optic,No,Yes,No,Yes,Yes,Yes,One year,Yes,Credit card (automatic),99.2,4062.2,1,0,25-48 Months,High,Low Risk,25-48 Months,0,0.19022484310085483,Low Risk
7520-HQWJU,Female,0,Yes,Yes,66,Yes,Yes,DSL,Yes,Yes,Yes,No,No,No,Month-to-month,Yes,Bank transfer (automatic),67.45,4508.65,0,0,49+ Months,Medium,Medium Risk,49+ Months,0,0.04832215538169174,Low Risk
0691-NIKRI,Female,0,No,No,40,Yes,Yes,Fiber optic,No,No,Yes,Yes,Yes,Yes,One year,Yes,Credit card (automatic),105.95,4335.2,0,0,25-48 Months,High,Low Risk,25-48 Months,0,0.2586519851729905,Low Risk
3665-JATSN,Female,0,No,No,19,No,No phone service,DSL,No,Yes,No,No,No,Yes,Month-to-month,Yes,Electronic check,39.7,710.05,0,0,13-24 Months,Medium,Medium Risk,13-24 Months,0,0.41281976676792675,Medium Risk
8620-RJPZN,Female,0,No,No,1,Yes,No,No,No internet service,No internet service,No internet service,No internet service,No internet service,No internet service,Month-to-month,No,Electronic check,20.7,20.7,0,0,0-12 Months,Low,Medium Risk,0-12 Months,0,0.2779865322262602,Low Risk
6993-YCOBK,Male,0,Yes,Yes,60,Yes,Yes,Fiber optic,Yes,No,Yes,Yes,Yes,Yes,Two year,Yes,Electronic check,110.6,6586.85,0,0,49+ Months,High,Low Risk,49+ Months,0,0.09415538164970164,Low Risk
8922-NPKBJ,Male,0,Yes,Yes,42,Yes,No,No,No internet service,No internet service,No internet service,No internet service,No internet service,No internet service,Two year,No,Mailed check,19.35,867.3,0,0,25-48 Months,Low,Low Risk,25-48 Months,0,0.006286406839177693,Low Risk
4942-VZZOM,Male,0,Yes,No,64,Yes,Yes,DSL,Yes,No,No,No,Yes,No,One year,Yes,Credit card (automatic),66.15,4392.5,0,0,49+ Months,Medium,Low Risk,49+ Months,0,0.052247808368064995,Low Risk
4701-LKOZD,Female,0,No,No,70,Yes,Yes,DSL,Yes,Yes,Yes,Yes,Yes,Yes,Two year,No,Credit card (automatic),89.75,6367.2,0,0,49+ Months,High,Low Risk,49+ Months,0,0.014750909843093924,Low Risk
7621-VPNET,Female,0,Yes,No,42,Yes,Yes,Fiber optic,No,No,Yes,Yes,No,No,Month-to-month,Yes,Credit card (automatic),85.9,3729.75,0,0,25-48 Months,High,Medium Risk,25-48 Months,0,0.2563460987818644,Low Risk
1345-ZUKID,Male,0,No,No,14,Yes,No,No,No internet service,No internet service,No internet service,No internet service,No internet service,No internet service,One year,No,Mailed check,19.35,324.8,0,0,13-24 Months,Low,Low Risk,13-24 Months,0,0.048045583343646885,Low Risk
7839-NUIAA,Female,0,Yes,Yes,61,Yes,Yes,DSL,Yes,Yes,No,No,No,No,Month-to-month,No,Electronic check,59.8,3641.5,0,0,49+ Months,Medium,Medium Risk,49+ Months,0,0.060612305719991676,Low Risk
2758-RNWXS,Male,0,No,No,35,Yes,No,Fiber optic,Yes,No,No,Yes,No,Yes,One year,Yes,Electronic check,89.2,3251.3,0,0,25-48 Months,High,Low Risk,25-48 Months,0,0.15140479921017844,Low Risk
8280-MQRQN,Female,0,No,No,1,Yes,No,DSL,No,No,Yes,No,No,No,Month-to-month,Yes,Mailed check,50.45,50.45,1,0,0-12 Months,Medium,Medium Risk,0-12 Months,0,0.47104402627025804,Medium Risk
5813-UECBU,Male,1,No,No,33,Yes,Yes,Fiber optic,No,Yes,Yes,No,No,No,Month-to-month,Yes,Credit card (automatic),83.85,2716.3,1,0,25-48 Months,High,Medium Risk,25-48 Months,0,0.4178516669114094,Medium Risk
6139-ZZRBQ,Male,1,No,No,64,Yes,No,No,No internet service,No internet service,No internet service,No internet service,No internet service,No internet service,Two year,Yes,Bank transfer (automatic),20.05,1198.05,0,0,49+ Months,Low,Low Risk,49+ Months,0,0.0071184518237085445,Low Risk
6972-SNKKW,Female,0,No,No,6,Yes,No,No,No internet service,No internet service,No internet service,No internet service,No internet service,No internet service,Month-to-month,No,Mailed check,20.0,109.2,0,0,0-12 Months,Low,Medium Risk,0-12 Months,0,0.185316685655758,Low Risk
8433-WPJTV,Female,1,Yes,Yes,65,Yes,Yes,Fiber optic,No,No,Yes,Yes,Yes,Yes,One year,Yes,Bank transfer (automatic),103.9,6767.1,0,0,49+ Months,High,Low Risk,49+ Months,0,0.19238881961753887,Low Risk
7924-GJZFI,Female,1,Yes,No,25,Yes,No,Fiber optic,No,No,No,No,No,No,Month-to-month,Yes,Electronic check,69.3,1813.1,0,0,25-48 Months,Medium,Medium Risk,25-48 Months,1,0.5238416916571843,Medium Risk
4674-HGNUA,Male,0,Yes,Yes,71,Yes,Yes,DSL,Yes,Yes,Yes,Yes,Yes,Yes,Two year,No,Credit card (automatic),89.9,6457.15,0,0,49+ Months,High,Low Risk,49+ Months,0,0.011074239641118344,Low Risk
5380-WJKOV,Male,0,No,No,34,Yes,Yes,Fiber optic,No,Yes,Yes,No,Yes,Yes,Month-to-month,Yes,Electronic check,106.35,3549.25,1,0,25-48 Months,High,Medium Risk,25-48 Months,1,0.5722040953630206,Medium Risk
8111-RKSPX,Male,0,No,No,4,Yes,Yes,Fiber optic,No,No,No,No,No,No,Month-to-month,Yes,Bank transfer (automatic),72.2,305.55,1,0,0-12 Months,High,High Risk,0-12 Months,1,0.7071295508325252,High Risk
6319-QSUSR,Female,0,No,Yes,11,Yes,No,No,No internet service,No internet service,No internet service,No internet service,No internet service,No internet service,Month-to-month,No,Credit card (automatic),19.7,216.2,0,0,0-12 Months,Low,Medium Risk,0-12 Months,0,0.12593296016659114,Low Risk
1722-LDZJS,Male,0,Yes,Yes,53,Yes,No,No,No internet service,No internet service,No internet service,No internet service,No internet service,No internet service,One year,No,Credit card (automatic),20.2,1068.15,0,0,49+ Months,Low,Low Risk,49+ Months,0,0.013419214779611992,Low Risk
9279-CJEOJ,Female,1,No,No,21,Yes,Yes,Fiber optic,No,No,No,No,Yes,Yes,Month-to-month,Yes,Bank transfer (automatic),95.4,2025.1,0,0,13-24 Months,High,Medium Risk,13-24 Months,1,0.6248614921179096,Medium Risk
3768-NLUBH,Male,1,Yes,No,57,Yes,Yes,Fiber optic,No,No,Yes,No,Yes,Yes,Month-to-month,No,Electronic check,100.6,5746.15,1,0,49+ Months,High,Medium Risk,49+ Months,1,0.5305582722287272,Medium Risk
2674-MIAHT,Female,0,No,No,4,Yes,Yes,Fiber optic,No,Yes,No,No,No,No,Month-to-month,Yes,Mailed check,80.3,324.2,0,0,0-12 Months,High,High Risk,0-12 Months,1,0.6741479363318903,Medium Risk
4452-QIIEB,Male,0,No,No,7,Yes,No,DSL,No,No,No,No,No,No,Month-to-month,No,Mailed check,43.9,278.4,0,0,0-12 Months,Medium,Medium Risk,0-12 Months,0,0.32774097297739485,Low Risk
6061-GWWAV,Male,0,No,Yes,41,Yes,No,DSL,Yes,Yes,Yes,No,Yes,No,One year,No,Mailed check,70.2,2894.55,0,0,25-48 Months,High,Low Risk,25-48 Months,0,0.028633314204083517,Low Risk
8393-DLHGA,Male,0,No,Yes,25,Yes,No,Fiber optic,No,Yes,No,No,Yes,Yes,Month-to-month,Yes,Electronic check,95.9,2448.75,1,0,25-48 Months,High,Medium Risk,25-48 Months,0,0.49694181490439016,Medium Risk
4678-DVQEO,Female,0,No,No,1,Yes,No,DSL,No,No,No,Yes,No,No,Month-to-month,Yes,Electronic check,52.2,52.2,1,0,0-12 Months,Medium,Medium Risk,0-12 Months,0,0.43360707243771585,Medium Risk
4709-LKHYG,Female,0,Yes,Yes,29,Yes,No,No,No internet service,No internet service,No internet service,No internet service,No internet service,No internet service,One year,No,Electronic check,20.0,540.05,0,0,25-48 Months,Low,Low Risk,25-48 Months,0,0.032843665095018466,Low Risk
4423-JWZJN,Male,0,Yes,Yes,64,Yes,Yes,Fiber optic,No,No,Yes,No,No,Yes,One year,No,Credit card (automatic),90.25,5629.15,0,0,49+ Months,High,Low Risk,49+ Months,0,0.12433439216402938,Low Risk
9209-NWPGU,Male,0,No,No,44,Yes,No,DSL,Yes,No,No,Yes,Yes,No,One year,No,Electronic check,65.4,2774.55,0,0,25-48 Months,Medium,Low Risk,25-48 Months,0,0.0335365375358936,Low Risk
7252-NTGSS,Female,0,No,No,1,Yes,No,DSL,No,No,No,No,No,No,Month-to-month,No,Mailed check,45.15,45.15,0,0,0-12 Months,Medium,Medium Risk,0-12 Months,0,0.3903998707999739,Low Risk
2599-CIPQE,Male,0,Yes,Yes,71,Yes,No,Fiber optic,Yes,Yes,Yes,Yes,Yes,Yes,Two year,No,Credit card (automatic),109.3,7782.85,0,0,49+ Months,High,Low Risk,49+ Months,0,0.022347320420098276,Low Risk
2987-BJXIK,Female,0,No,No,70,Yes,Yes,DSL,Yes,Yes,Yes,No,Yes,Yes,Two year,No,Mailed check,84.7,5991.05,0,0,49+ Months,High,Low Risk,49+ Months,0,0.02018538489602233,Low Risk
5562-YJQGT,Female,0,No,No,2,Yes,No,No,No internet service,No internet service,No internet service,No internet service,No internet service,No internet service,Month-to-month,No,Credit card (automatic),20.35,35.1,0,0,0-12 Months,Low,Medium Risk,0-12 Months,0,0.2132692474464011,Low Risk
0923-PNFUB,Female,0,No,No,3,Yes,No,Fiber optic,No,Yes,No,No,Yes,No,Month-to-month,No,Electronic check,83.75,247.25,1,0,0-12 Months,High,High Risk,0-12 Months,1,0.6740672268751574,Medium Risk
3077-RSNTJ,Female,0,Yes,Yes,6,Yes,No,No,No internet service,No internet service,No internet service,No internet service,No internet service,No internet service,Month-to-month,No,Mailed check,19.7,113.5,0,0,0-12 Months,Low,Medium Risk,0-12 Months,0,0.15534945303196707,Low Risk
5828-AVIPD,Male,0,Yes,Yes,19,Yes,Yes,Fiber optic,No,No,No,Yes,Yes,Yes,One year,Yes,Electronic check,100.95,1875.55,1,0,13-24 Months,High,Low Risk,13-24 Months,0,0.36291830764215166,Low Risk
6137-NICCO,Female,0,Yes,Yes,6,Yes,Yes,Fiber optic,No,Yes,Yes,No,Yes,No,Month-to-month,Yes,Mailed check,94.05,518.75,0,0,0-12 Months,High,High Risk,0-12 Months,1,0.6866204760797107,Medium Risk
8430-TWCBX,Female,0,Yes,No,49,Yes,No,No,No internet service,No internet service,No internet service,No internet service,No internet service,No internet service,One year,No,Credit card (automatic),20.7,1032.05,0,0,49+ Months,Low,Low Risk,49+ Months,0,0.02041016432800549,Low Risk
0327-WFZSY,Male,0,Yes,Yes,39,Yes,Yes,Fiber optic,No,No,Yes,No,Yes,Yes,One year,No,Electronic check,100.0,3835.55,0,0,25-48 Months,High,Low Risk,25-48 Months,0,0.28565176359184535,Low Risk
3096-WPXBT,Female,0,Yes,Yes,61,Yes,Yes,Fiber optic,Yes,Yes,Yes,No,No,Yes,One year,Yes,Credit card (automatic),100.7,6018.65,0,0,49+ Months,High,Low Risk,49+ Months,0,0.11541891703493147,Low Risk
9895-VFOXH,Female,0,No,No,1,No,No phone service,DSL,No,No,No,No,No,No,Month-to-month,No,Mailed check,24.4,24.4,0,0,0-12 Months,Low,Medium Risk,0-12 Months,0,0.4982047834341104,Medium Risk
3363-EWLGO,Female,0,No,No,5,Yes,No,No,No internet service,No internet service,No internet service,No internet service,No internet service,No internet service,Month-to-month,No,Mailed check,19.95,109.6,0,0,0-12 Months,Low,Medium Risk,0-12 Months,0,0.19341810629519585,Low Risk
3594-KADLU,Male,0,Yes,No,3,No,No phone service,DSL,Yes,No,No,Yes,No,No,Month-to-month,No,Mailed check,35.1,101.1,0,0,0-12 Months,Medium,Medium Risk,0-12 Months,0,0.33974695269066163,Low Risk
0397-ZXWQF,Male,0,No,No,67,Yes,No,No,No internet service,No internet service,No internet service,No internet service,No internet service,No internet service,Two year,No,Bank transfer (automatic),20.5,1430.95,0,0,49+ Months,Low,Low Risk,49+ Months,0,0.0038029519844266966,Low Risk
7524-VRLPL,Male,1,No,No,69,Yes,Yes,DSL,Yes,No,Yes,Yes,No,Yes,Two year,No,Credit card (automatic),74.1,5031.0,0,0,49+ Months,High,Low Risk,49+ Months,0,0.014323646268921778,Low Risk
8096-LOIST,Female,0,No,No,19,Yes,No,DSL,No,No,No,No,No,Yes,Month-to-month,Yes,Electronic check,56.2,1093.4,0,0,13-24 Months,Medium,Medium Risk,13-24 Months,0,0.3030359470865716,Low Risk
2272-JKMSI,Female,0,Yes,Yes,62,Yes,Yes,Fiber optic,No,Yes,Yes,Yes,Yes,Yes,One year,Yes,Electronic check,110.8,6840.95,0,0,49+ Months,High,Low Risk,49+ Months,0,0.2083164363526477,Low Risk
0928-JMXNP,Male,1,Yes,No,4,No,No phone service,DSL,No,No,Yes,No,No,No,Month-to-month,Yes,Electronic check,29.9,118.25,0,0,0-12 Months,Low,Medium Risk,0-12 Months,1,0.6559054375304696,Medium Risk
9274-UARKJ,Female,0,No,No,15,Yes,No,Fiber optic,No,Yes,No,No,Yes,No,Month-to-month,Yes,Bank transfer (automatic),83.2,1130.0,0,0,13-24 Months,High,Medium Risk,13-24 Months,0,0.436890041635518,Medium Risk
1485-YDHMM,Male,0,Yes,Yes,52,Yes,Yes,Fiber optic,No,Yes,No,Yes,No,Yes,Month-to-month,Yes,Bank transfer (automatic),93.25,4631.7,0,0,49+ Months,High,Medium Risk,49+ Months,0,0.25013968152054666,Low Risk
4211-MMAZN,Male,0,No,No,1,Yes,No,No,No internet service,No internet service,No internet service,No internet service,No internet service,No internet service,Month-to-month,No,Mailed check,20.25,20.25,1,0,0-12 Months,Low,Medium Risk,0-12 Months,0,0.21932896349796863,Low Risk
4706-DGAHW,Male,1,No,No,1,Yes,No,DSL,No,No,No,No,No,No,Month-to-month,No,Electronic check,45.2,45.2,0,0,0-12 Months,Medium,Medium Risk,0-12 Months,1,0.508189992978747,Medium Risk
5472-CVMDX,Female,0,No,No,68,No,No phone service,DSL,Yes,No,Yes,Yes,No,No,Two year,No,Mailed check,38.9,2719.2,0,0,49+ Months,Medium,Low Risk,49+ Months,0,0.010552447899575776,Low Risk
4464-JCOLN,Male,0,Yes,Yes,2,Yes,No,No,No internet service,No internet service,No internet service,No internet service,No internet service,No internet service,One year,No,Mailed check,19.85,35.9,1,0,0-12 Months,Low,Medium Risk,0-12 Months,0,0.047872548050047564,Low Risk
1545-JFUML,Male,0,Yes,No,71,Yes,Yes,Fiber optic,Yes,Yes,Yes,No,Yes,No,Two year,Yes,Electronic check,99.0,6994.6,0,0,49+ Months,High,Low Risk,49+ Months,0,0.06977812093698504,Low Risk
9391-TTOYH,Female,0,No,No,23,Yes,No,No,No internet service,No internet service,No internet service,No internet service,No internet service,No internet service,Month-to-month,Yes,Mailed check,19.5,470.2,0,0,13-24 Months,Low,Medium Risk,13-24 Months,0,0.08205941239103161,Low Risk
0603-TPMIB,Female,0,Yes,Yes,59,Yes,Yes,No,No internet service,No internet service,No internet service,No internet service,No internet service,No internet service,Two year,No,Mailed check,25.45,1534.05,0,0,49+ Months,Low,Low Risk,49+ Months,0,0.007457415834389435,Low Risk
9367-TCUYN,Female,0,No,No,12,Yes,No,No,No internet service,No internet service,No internet service,No internet service,No internet service,No internet service,Month-to-month,No,Mailed check,20.1,223.6,0,0,0-12 Months,Low,Medium Risk,0-12 Months,0,0.14480969107064257,Low Risk
4075-JFPGR,Female,0,Yes,No,51,Yes,No,Fiber optic,Yes,Yes,Yes,No,Yes,No,One year,Yes,Electronic check,93.5,4619.55,0,0,49+ Months,High,Low Risk,49+ Months,0,0.18624325784994983,Low Risk
0412-UCCNP,Male,0,No,No,55,Yes,No,DSL,Yes,No,Yes,Yes,No,No,Two year,Yes,Electronic check,59.2,3175.85,0,0,49+ Months,Medium,Low Risk,49+ Months,0,0.01909107728668922,Low Risk
2519-LBNQL,Male,1,Yes,No,60,Yes,Yes,Fiber optic,No,Yes,Yes,No,Yes,Yes,One year,Yes,Electronic check,104.35,6339.45,0,0,49+ Months,High,Low Risk,49+ Months,0,0.373645162449122,Low Risk
1809-DMJHQ,Female,0,No,Yes,5,Yes,No,DSL,No,No,No,No,No,No,Month-to-month,No,Mailed check,46.0,221.7,1,0,0-12 Months,Medium,Medium Risk,0-12 Months,0,0.2978501504423976,Low Risk
2322-VCZHZ,Male,1,Yes,No,23,Yes,No,Fiber optic,Yes,Yes,No,No,No,Yes,Month-to-month,Yes,Electronic check,90.0,2024.1,0,0,13-24 Months,High,Medium Risk,13-24 Months,0,0.38148335340359857,Low Risk
3058-WQDRE,Male,0,No,No,13,No,No phone service,DSL,No,No,No,No,No,No,Month-to-month,Yes,Bank transfer (automatic),25.15,331.85,0,0,13-24 Months,Low,Medium Risk,13-24 Months,0,0.3040906071566029,Low Risk
8166-ZZTFS,Female,1,Yes,No,66,Yes,Yes,DSL,No,Yes,Yes,No,Yes,Yes,Two year,Yes,Bank transfer (automatic),80.55,5265.1,1,0,49+ Months,High,Low Risk,49+ Months,0,0.048409514020222054,Low Risk
3126-WQMGH,Female,0,Yes,No,49,Yes,Yes,DSL,No,No,No,No,No,No,Month-to-month,Yes,Credit card (automatic),52.15,2583.75,0,0,49+ Months,Medium,Medium Risk,49+ Months,0,0.17637462502038873,Low Risk
4892-VLANZ,Male,0,No,No,1,Yes,No,No,No internet service,No internet service,No internet service,No internet service,No internet service,No internet service,Month-to-month,No,Mailed check,19.8,19.8,1,0,0-12 Months,Low,Medium Risk,0-12 Months,0,0.22120932608940033,Low Risk
9576-ANLXO,Female,0,No,No,3,Yes,No,Fiber optic,No,No,No,No,No,No,Month-to-month,Yes,Bank transfer (automatic),69.55,222.3,1,0,0-12 Months,Medium,Medium Risk,0-12 Months,1,0.640082439566599,Medium Risk
9975-GPKZU,Male,0,Yes,Yes,46,Yes,No,No,No internet service,No internet service,No internet service,No internet service,No internet service,No internet service,Two year,No,Credit card (automatic),19.75,856.5,0,0,25-48 Months,Low,Low Risk,25-48 Months,0,0.005007088116340238,Low Risk
9194-GFVOI,Female,0,Yes,No,42,Yes,Yes,DSL,Yes,No,Yes,Yes,Yes,Yes,Two year,No,Credit card (automatic),84.35,3571.6,0,0,25-48 Months,High,Low Risk,25-48 Months,0,0.02767997937054541,Low Risk
1113-IUJYX,Female,0,Yes,No,14,Yes,No,Fiber optic,Yes,Yes,No,Yes,Yes,Yes,One year,No,Mailed check,105.95,1348.9,1,0,13-24 Months,High,Low Risk,13-24 Months,0,0.15526741665852728,Low Risk
8711-LOBKY,Male,0,Yes,Yes,59,Yes,No,No,No internet service,No internet service,No internet service,No internet service,No internet service,No internet service,Two year,No,Mailed check,19.85,1188.25,0,0,49+ Months,Low,Low Risk,49+ Months,0,0.004884515117588041,Low Risk
3858-VOBET,Male,0,No,No,23,Yes,Yes,Fiber optic,No,No,No,No,No,No,Month-to-month,Yes,Electronic check,74.95,1710.45,1,0,13-24 Months,High,Medium Risk,13-24 Months,0,0.49971373564778293,Medium Risk
9030-QGZNL,Female,0,No,No,8,Yes,No,No,No internet service,No internet service,No internet service,No internet service,No internet service,No internet service,Two year,No,Mailed check,20.85,161.65,0,0,0-12 Months,Low,Medium Risk,0-12 Months,0,0.021773043032406156,Low Risk
0628-CNQRM,Male,0,Yes,Yes,22,Yes,No,DSL,Yes,No,Yes,Yes,Yes,No,One year,Yes,Bank transfer (automatic),67.5,1544.05,1,0,13-24 Months,Medium,Low Risk,13-24 Months,0,0.05471740915203823,Low Risk
1735-XMJVH,Male,0,Yes,Yes,8,Yes,No,No,No internet service,No internet service,No internet service,No internet service,No internet service,No internet service,Month-to-month,Yes,Mailed check,19.35,152.6,0,0,0-12 Months,Low,Medium Risk,0-12 Months,0,0.179386591647866,Low Risk
9057-SIHCH,Female,0,No,No,3,Yes,Yes,Fiber optic,No,No,No,No,Yes,Yes,Month-to-month,Yes,Electronic check,96.6,291.9,1,0,0-12 Months,High,High Risk,0-12 Months,1,0.8510905938512695,High Risk
7073-QETQY,Male,0,Yes,Yes,66,Yes,No,No,No internet service,No internet service,No internet service,No internet service,No internet service,No internet service,One year,Yes,Electronic check,20.35,1359.5,0,0,49+ Months,Low,Low Risk,49+ Months,0,0.012994937528335082,Low Risk
7722-VJRQD,Male,0,Yes,Yes,72,No,No phone service,DSL,Yes,No,Yes,Yes,Yes,Yes,Two year,No,Bank transfer (automatic),60.95,4549.05,0,0,49+ Months,Medium,Low Risk,49+ Months,0,0.0127712757848578,Low Risk
6158-HDPXZ,Male,0,No,No,1,No,No phone service,DSL,No,No,No,No,No,No,Month-to-month,No,Mailed check,25.35,25.35,0,0,0-12 Months,Low,Medium Risk,0-12 Months,0,0.4855369175681476,Medium Risk
3722-WPXTK,Male,0,No,No,1,Yes,No,Fiber optic,No,No,No,No,Yes,Yes,Month-to-month,Yes,Electronic check,88.35,88.35,1,0,0-12 Months,High,High Risk,0-12 Months,1,0.8184017859730123,High Risk
6164-HXUGH,Female,0,Yes,Yes,6,Yes,No,No,No internet service,No internet service,No internet service,No internet service,No internet service,No internet service,Month-to-month,No,Mailed check,19.85,119.3,0,0,0-12 Months,Low,Medium Risk,0-12 Months,0,0.15497649784887776,Low Risk
1302-TPUBN,Male,0,No,No,66,Yes,No,No,No internet service,No internet service,No internet service,No internet service,No internet service,No internet service,Two year,No,Bank transfer (automatic),19.35,1240.8,0,0,49+ Months,Low,Low Risk,49+ Months,0,0.00400741638885041,Low Risk
9592-ERDKV,Male,0,Yes,No,37,Yes,Yes,DSL,Yes,No,Yes,No,Yes,Yes,One year,No,Mailed check,79.25,2911.8,0,0,25-48 Months,High,Low Risk,25-48 Months,0,0.0909872145191245,Low Risk
8445-DNBAE,Male,0,No,Yes,1,Yes,Yes,DSL,No,No,No,No,No,No,Month-to-month,Yes,Electronic check,50.05,50.05,0,0,0-12 Months,Medium,Medium Risk,0-12 Months,1,0.5673291832206926,Medium Risk
4547-LYTDD,Female,0,No,No,16,Yes,Yes,Fiber optic,No,No,No,No,No,No,Month-to-month,No,Electronic check,72.65,1194.3,1,0,13-24 Months,High,Medium Risk,13-24 Months,1,0.5201299075268179,Medium Risk
8221-HVAYI,Male,0,Yes,Yes,35,Yes,Yes,DSL,Yes,Yes,Yes,Yes,No,No,Two year,Yes,Credit card (automatic),69.15,2490.15,0,0,25-48 Months,Medium,Low Risk,25-48 Months,0,0.018925931043380646,Low Risk
5176-OLSKT,Female,0,Yes,No,66,Yes,Yes,DSL,Yes,Yes,Yes,No,No,No,Two year,No,Bank transfer (automatic),66.9,4370.25,0,0,49+ Months,Medium,Low Risk,49+ Months,0,0.010832733993571132,Low Risk
6048-UWKAL,Female,1,Yes,No,69,Yes,Yes,Fiber optic,No,Yes,No,Yes,Yes,Yes,Two year,No,Credit card (automatic),105.4,6998.95,0,0,49+ Months,High,Low Risk,49+ Months,0,0.06673300090801382,Low Risk
7617-EYGLW,Male,0,No,No,1,Yes,No,No,No internet service,No internet service,No internet service,No internet service,No internet service,No internet service,Month-to-month,No,Electronic check,19.45,19.45,0,0,0-12 Months,Low,Medium Risk,0-12 Months,0,0.27855636075925944,Low Risk
0685-MLYYM,Female,1,No,No,2,Yes,No,Fiber optic,No,No,No,No,No,No,Month-to-month,No,Electronic check,70.75,154.85,1,0,0-12 Months,High,High Risk,0-12 Months,1,0.6977494002676844,Medium Risk
6777-TGHTM,Female,0,No,No,53,Yes,Yes,Fiber optic,Yes,No,Yes,No,Yes,Yes,One year,Yes,Credit card (automatic),106.95,5785.5,1,0,49+ Months,High,Low Risk,49+ Months,0,0.2679467094428965,Low Risk
4011-ARPHK,Male,0,No,No,27,Yes,No,DSL,Yes,No,No,No,No,No,Month-to-month,No,Mailed check,50.35,1411.35,0,0,25-48 Months,Medium,Medium Risk,25-48 Months,0,0.10057580126754063,Low Risk
8495-LJDFO,Female,1,No,No,64,Yes,Yes,Fiber optic,Yes,No,Yes,Yes,Yes,Yes,Month-to-month,Yes,Bank transfer (automatic),108.95,7111.3,0,0,49+ Months,High,Medium Risk,49+ Months,0,0.30442234335388063,Low Risk
2961-VNFKL,Female,0,Yes,No,71,Yes,Yes,No,No internet service,No internet service,No internet service,No internet service,No internet service,No internet service,Two year,Yes,Credit card (automatic),25.95,1801.9,0,0,49+ Months,Low,Low Risk,49+ Months,0,0.006724575784853627,Low Risk
4531-AUZNK,Female,0,Yes,Yes,51,Yes,Yes,Fiber optic,Yes,No,No,Yes,Yes,No,One year,Yes,Mailed check,95.15,5000.05,0,0,49+ Months,High,Low Risk,49+ Months,0,0.13874815100622329,Low Risk
6711-VTNRE,Female,0,No,No,36,Yes,No,Fiber optic,No,No,Yes,Yes,No,Yes,Month-to-month,Yes,Electronic check,87.55,3078.1,1,0,25-48 Months,High,Medium Risk,25-48 Months,0,0.36113787809221987,Low Risk
8097-VBQTZ,Male,0,No,No,54,Yes,No,DSL,Yes,Yes,No,Yes,Yes,No,Month-to-month,Yes,Mailed check,69.9,3883.3,0,0,49+ Months,Medium,Medium Risk,49+ Months,0,0.06831788153207914,Low Risk
0732-OCQOC,Female,0,Yes,Yes,52,Yes,Yes,No,No internet service,No internet service,No internet service,No internet service,No internet service,No internet service,Two year,Yes,Bank transfer (automatic),25.05,1270.25,0,0,49+ Months,Low,Low Risk,49+ Months,0,0.012772452660269502,Low Risk
1471-GIQKQ,Female,0,No,No,1,Yes,No,DSL,No,Yes,No,No,No,No,Month-to-month,No,Electronic check,49.95,49.95,0,0,0-12 Months,Medium,Medium Risk,0-12 Months,0,0.4185103657326858,Medium Risk
1355-KUSBG,Female,0,Yes,Yes,7,Yes,Yes,DSL,No,No,No,No,No,No,Month-to-month,No,Electronic check,48.8,349.8,0,0,0-12 Months,Medium,Medium Risk,0-12 Months,0,0.4411223811392306,Medium Risk
3325-FUYCG,Male,0,Yes,Yes,28,Yes,Yes,Fiber optic,Yes,Yes,No,No,Yes,Yes,One year,No,Electronic check,106.1,2847.4,1,0,25-48 Months,High,Low Risk,25-48 Months,0,0.23776181971191002,Low Risk
9107-UKCKY,Male,0,Yes,No,61,Yes,Yes,DSL,No,Yes,Yes,No,Yes,Yes,One year,Yes,Electronic check,79.8,4914.8,0,0,49+ Months,High,Low Risk,49+ Months,0,0.13419247219404068,Low Risk
0480-KYJVA,Female,0,Yes,Yes,72,Yes,Yes,No,No internet service,No internet service,No internet service,No internet service,No internet service,No internet service,Two year,No,Credit card (automatic),24.25,1784.5,0,0,49+ Months,Low,Low Risk,49+ Months,0,0.00404166014650427,Low Risk
1952-DVVSW,Female,0,Yes,No,10,Yes,No,No,No internet service,No internet service,No internet service,No internet service,No internet service,No internet service,One year,No,Mailed check,20.1,184.4,0,0,0-12 Months,Low,Medium Risk,0-12 Months,0,0.04111805508229433,Low Risk
7159-FVYPK,Female,0,Yes,Yes,3,Yes,Yes,DSL,No,Yes,Yes,No,Yes,No,Month-to-month,Yes,Bank transfer (automatic),69.15,235.0,0,0,0-12 Months,Medium,Medium Risk,0-12 Months,0,0.4979838272274345,Medium Risk
5906-CVLHP,Female,0,Yes,Yes,45,Yes,No,DSL,No,Yes,No,Yes,No,No,One year,Yes,Credit card (automatic),54.15,2319.8,1,0,25-48 Months,Medium,Low Risk,25-48 Months,0,0.023887825154050593,Low Risk
9648-BCHKM,Female,0,Yes,Yes,18,Yes,Yes,No,No internet service,No internet service,No internet service,No internet service,No internet service,No internet service,Two year,Yes,Credit card (automatic),24.65,471.35,0,0,13-24 Months,Low,Low Risk,13-24 Months,0,0.02995008308072539,Low Risk
4039-PIMHX,Male,1,Yes,No,49,Yes,No,DSL,No,Yes,No,No,No,No,Two year,No,Mailed check,49.8,2398.4,0,0,49+ Months,Medium,Low Risk,49+ Months,0,0.026435445715204408,Low Risk
6500-JVEGC,Male,0,No,No,68,Yes,Yes,Fiber optic,Yes,Yes,Yes,No,Yes,No,One year,No,Bank transfer (automatic),101.35,7110.75,0,0,49+ Months,High,Low Risk,49+ Months,0,0.08431394185554454,Low Risk
4118-CEVPF,Female,1,No,No,35,Yes,Yes,Fiber optic,Yes,Yes,Yes,Yes,Yes,Yes,One year,Yes,Bank transfer (automatic),110.8,3836.3,0,0,25-48 Months,High,Low Risk,25-48 Months,0,0.23165433452175077,Low Risk
9227-LUNBG,Female,0,No,No,1,No,No phone service,DSL,No,No,No,No,No,No,Month-to-month,No,Electronic check,24.6,24.6,1,0,0-12 Months,Low,Medium Risk,0-12 Months,1,0.5711236066710965,Medium Risk
5148-ORICT,Female,0,Yes,No,64,Yes,No,DSL,Yes,Yes,Yes,Yes,No,Yes,Two year,Yes,Mailed check,74.35,4759.55,0,0,49+ Months,High,Low Risk,49+ Months,0,0.011427156172235947,Low Risk
2925-VDZHY,Male,0,Yes,Yes,72,Yes,Yes,DSL,Yes,Yes,Yes,Yes,Yes,Yes,Two year,No,Credit card (automatic),88.7,6501.35,0,0,49+ Months,High,Low Risk,49+ Months,0,0.010902070585724736,Low Risk
9762-YAQAA,Male,0,No,No,39,Yes,Yes,Fiber optic,No,Yes,No,No,No,No,One year,No,Credit card (automatic),81.4,3213.75,0,0,25-48 Months,High,Low Risk,25-48 Months,0,0.13255360408752404,Low Risk
1666-JXLKU,Female,0,No,No,37,Yes,Yes,Fiber optic,No,No,Yes,No,Yes,Yes,Month-to-month,Yes,Electronic check,100.05,3810.55,0,0,25-48 Months,High,Medium Risk,25-48 Months,1,0.6035437278641576,Medium Risk
2263-SFSQZ,Male,0,Yes,Yes,51,Yes,Yes,No,No internet service,No internet service,No internet service,No internet service,No internet service,No internet service,Two year,Yes,Mailed check,24.95,1222.25,0,0,49+ Months,Low,Low Risk,49+ Months,0,0.014069283860713473,Low Risk
7471-MQPOS,Male,1,Yes,Yes,71,Yes,Yes,DSL,No,Yes,Yes,Yes,No,Yes,One year,Yes,Bank transfer (automatic),72.9,5139.65,0,0,49+ Months,High,Low Risk,49+ Months,0,0.03506391682003431,Low Risk
4419-UJMUS,Male,0,Yes,Yes,69,Yes,Yes,Fiber optic,No,No,No,Yes,Yes,Yes,Two year,Yes,Electronic check,99.35,6856.45,0,0,49+ Months,High,Low Risk,49+ Months,0,0.0917349527347955,Low Risk
5524-KHNJP,Male,0,Yes,Yes,33,Yes,No,DSL,Yes,No,Yes,No,Yes,Yes,One year,No,Credit card (automatic),74.75,2453.3,0,0,25-48 Months,High,Low Risk,25-48 Months,0,0.059608906507449474,Low Risk
4727-MCYZG,Male,0,No,No,1,Yes,No,DSL,No,No,No,No,No,Yes,Month-to-month,No,Mailed check,55.55,55.55,0,0,0-12 Months,Medium,Medium Risk,0-12 Months,0,0.43986820237748325,Medium Risk
3877-JRJIP,Male,0,No,No,1,Yes,Yes,DSL,No,No,No,No,Yes,No,Month-to-month,Yes,Electronic check,59.85,59.85,1,0,0-12 Months,Medium,Medium Risk,0-12 Months,1,0.6819971688823442,Medium Risk
4329-YPDDQ,Male,0,No,No,20,Yes,No,Fiber optic,Yes,Yes,Yes,Yes,Yes,Yes,Month-to-month,Yes,Bank transfer (automatic),108.2,2203.7,0,0,13-24 Months,High,Medium Risk,13-24 Months,0,0.29482597436015684,Low Risk
6680-WKXRZ,Female,0,No,No,3,Yes,Yes,Fiber optic,No,No,No,No,No,No,Month-to-month,No,Bank transfer (automatic),74.4,215.8,1,0,0-12 Months,High,High Risk,0-12 Months,1,0.6467449332354471,Medium Risk
9867-XOBQA,Female,0,No,Yes,21,No,No phone service,DSL,Yes,Yes,Yes,Yes,Yes,No,Two year,No,Mailed check,53.15,1183.2,0,0,13-24 Months,Medium,Low Risk,13-24 Months,0,0.036021925600008095,Low Risk
0906-QVPMS,Male,0,Yes,No,72,Yes,Yes,Fiber optic,Yes,Yes,Yes,Yes,Yes,Yes,Two year,No,Bank transfer (automatic),115.15,8349.45,0,0,49+ Months,High,Low Risk,49+ Months,0,0.03685482664431781,Low Risk
9611-CTWIH,Female,0,No,No,3,Yes,No,Fiber optic,No,No,No,No,Yes,Yes,Month-to-month,Yes,Electronic check,89.45,240.45,1,0,0-12 Months,High,High Risk,0-12 Months,1,0.8060995263079869,High Risk
0295-QVKPB,Male,0,No,No,5,Yes,No,DSL,No,No,Yes,Yes,Yes,No,Month-to-month,Yes,Credit card (automatic),63.95,318.1,0,0,0-12 Months,Medium,Medium Risk,0-12 Months,0,0.4083544772928583,Medium Risk
4632-XJMEX,Male,0,No,Yes,53,Yes,No,DSL,Yes,Yes,No,Yes,No,No,One year,No,Credit card (automatic),62.85,3419.5,0,0,49+ Months,Medium,Low Risk,49+ Months,0,0.014959617457349696,Low Risk
0655-RBDUG,Male,0,No,No,7,Yes,Yes,Fiber optic,No,No,Yes,No,Yes,Yes,Month-to-month,Yes,Bank transfer (automatic),98.05,713.0,1,0,0-12 Months,High,High Risk,0-12 Months,1,0.7902683902855554,High Risk
1247-QBVSH,Female,0,Yes,Yes,43,Yes,No,DSL,No,Yes,No,No,No,No,Month-to-month,No,Mailed check,50.2,2169.4,0,0,25-48 Months,Medium,Medium Risk,25-48 Months,0,0.05362723752565913,Low Risk
2369-FEVNO,Male,0,No,No,1,Yes,No,No,No internet service,No internet service,No internet service,No internet service,No internet service,No internet service,Month-to-month,Yes,Mailed check,19.9,19.9,0,0,0-12 Months,Low,Medium Risk,0-12 Months,0,0.27450540722598854,Low Risk
5832-EXGTT,Male,0,Yes,Yes,29,Yes,No,DSL,Yes,No,No,No,No,Yes,Month-to-month,Yes,Mailed check,60.2,1834.15,0,0,25-48 Months,Medium,Medium Risk,25-48 Months,0,0.12769982162053564,Low Risk
2829-HYVZP,Male,0,No,No,29,Yes,No,No,No internet service,No internet service,No internet service,No internet service,No internet service,No internet service,One year,Yes,Mailed check,19.8,572.2,0,0,25-48 Months,Low,Low Risk,25-48 Months,0,0.03956129708055067,Low Risk
2096-XOTMO,Female,0,Yes,Yes,16,Yes,No,No,No internet service,No internet service,No internet service,No internet service,No internet service,No internet service,Month-to-month,No,Mailed check,19.35,275.9,0,0,13-24 Months,Low,Medium Risk,13-24 Months,0,0.06992658026738284,Low Risk
9767-FFLEM,Male,0,No,No,38,Yes,No,Fiber optic,No,No,No,No,No,No,Month-to-month,Yes,Credit card (automatic),69.5,2625.25,0,0,25-48 Months,Medium,Medium Risk,25-48 Months,0,0.2690610013823117,Low Risk
0969-RGKCU,Male,0,Yes,Yes,37,Yes,No,No,No internet service,No internet service,No internet service,No internet service,No internet service,No internet service,One year,No,Credit card (automatic),19.8,677.05,0,0,25-48 Months,Low,Low Risk,25-48 Months,0,0.016178465586427916,Low Risk
2025-JKFWI,Male,0,No,No,13,Yes,Yes,Fiber optic,No,No,No,Yes,Yes,Yes,Month-to-month,Yes,Mailed check,99.0,1301.7,1,0,13-24 Months,High,Medium Risk,13-24 Months,1,0.5831465565647211,Medium Risk
8212-DJRCH,Male,0,Yes,Yes,5,Yes,No,Fiber optic,Yes,No,Yes,No,No,Yes,Month-to-month,Yes,Mailed check,90.35,434.5,0,0,0-12 Months,High,High Risk,0-12 Months,1,0.5348535187652513,Medium Risk
4742-TXUEX,Female,0,Yes,Yes,47,Yes,No,No,No internet service,No internet service,No internet service,No internet service,No internet service,No internet service,Two year,No,Bank transfer (automatic),19.3,890.5,0,0,25-48 Months,Low,Low Risk,25-48 Months,0,0.0046466885832252,Low Risk
3978-YNKDD,Male,0,No,Yes,19,Yes,No,No,No internet service,No internet service,No internet service,No internet service,No internet service,No internet service,Two year,No,Credit card (automatic),20.85,467.5,0,0,13-24 Months,Low,Low Risk,13-24 Months,0,0.014352394212748013,Low Risk
9089-UOWJG,Female,0,Yes,Yes,12,Yes,No,DSL,No,No,Yes,No,Yes,No,Month-to-month,Yes,Credit card (automatic),58.35,740.55,0,0,0-12 Months,Medium,Medium Risk,0-12 Months,0,0.3800512857289439,Low Risk
5271-YNWVR,Male,0,Yes,Yes,68,Yes,Yes,Fiber optic,Yes,Yes,Yes,Yes,Yes,Yes,Two year,Yes,Electronic check,113.15,7856.0,1,0,49+ Months,High,Low Risk,49+ Months,0,0.06769657808387959,Low Risk
0409-WTMPL,Female,0,Yes,No,58,Yes,Yes,Fiber optic,Yes,Yes,Yes,No,Yes,Yes,One year,Yes,Credit card (automatic),110.65,6526.65,0,0,49+ Months,High,Low Risk,49+ Months,0,0.21035519455811363,Low Risk
8042-RNLKO,Male,0,No,No,66,Yes,Yes,No,No internet service,No internet service,No internet service,No internet service,No internet service,No internet service,One year,No,Bank transfer (automatic),25.45,1699.15,0,0,49+ Months,Low,Low Risk,49+ Months,0,0.012539174614247662,Low Risk
6578-KRMAW,Male,0,No,No,32,Yes,No,Fiber optic,Yes,Yes,Yes,No,No,Yes,Month-to-month,Yes,Credit card (automatic),93.4,2979.3,0,0,25-48 Months,High,Medium Risk,25-48 Months,0,0.2734772752063372,Low Risk
4282-MSACW,Male,0,No,No,68,Yes,Yes,Fiber optic,Yes,Yes,Yes,Yes,Yes,Yes,One year,Yes,Credit card (automatic),117.2,8035.95,0,0,49+ Months,High,Low Risk,49+ Months,0,0.11524517359898492,Low Risk
8053-WWDRO,Female,0,Yes,No,6,Yes,No,No,No internet service,No internet service,No internet service,No internet service,No internet service,No internet service,Month-to-month,No,Bank transfer (automatic),19.5,146.3,1,0,0-12 Months,Low,Medium Risk,0-12 Months,0,0.17481088798056021,Low Risk
3373-YZZYM,Male,0,Yes,Yes,1,Yes,No,No,No internet service,No internet service,No internet service,No internet service,No internet service,No internet service,Month-to-month,No,Mailed check,19.2,19.2,0,0,0-12 Months,Low,Medium Risk,0-12 Months,0,0.18777980354061538,Low Risk
5222-IMUKT,Male,0,No,No,32,Yes,No,Fiber optic,No,No,No,No,Yes,Yes,Month-to-month,No,Electronic check,91.05,2871.5,0,0,25-48 Months,High,Medium Risk,25-48 Months,0,0.44822562246991005,Medium Risk
5158-RIVOP,Female,0,Yes,Yes,11,Yes,No,No,No internet service,No internet service,No internet service,No internet service,No internet service,No internet service,Two year,No,Credit card (automatic),20.9,202.3,0,0,0-12 Months,Low,Medium Risk,0-12 Months,0,0.014964956667105133,Low Risk
3884-UEBXB,Female,0,Yes,Yes,67,No,No phone service,DSL,Yes,Yes,No,No,No,No,Two year,No,Bank transfer (automatic),36.15,2434.45,0,0,49+ Months,Medium,Low Risk,49+ Months,0,0.00850793703769055,Low Risk
8023-QHAIO,Female,1,Yes,No,56,Yes,Yes,Fiber optic,No,No,No,Yes,No,No,Month-to-month,Yes,Bank transfer (automatic),76.85,4275.75,0,0,49+ Months,High,Medium Risk,49+ Months,0,0.283685189488595,Low Risk
5698-BQJOH,Female,0,No,No,9,Yes,Yes,Fiber optic,No,No,No,No,Yes,Yes,Month-to-month,No,Electronic check,94.4,857.25,1,0,0-12 Months,High,High Risk,0-12 Months,1,0.7823321972058996,High Risk
6870-ZWMNX,Male,0,Yes,No,70,Yes,Yes,DSL,No,Yes,Yes,Yes,Yes,No,Two year,No,Credit card (automatic),76.1,5264.25,0,0,49+ Months,High,Low Risk,49+ Months,0,0.01397604945001942,Low Risk
4785-FCIFB,Female,0,Yes,No,61,Yes,Yes,No,No internet service,No internet service,No internet service,No internet service,No internet service,No internet service,Two year,No,Mailed check,24.4,1417.9,0,0,49+ Months,Low,Low Risk,49+ Months,0,0.008370362130419431,Low Risk
3672-YITQD,Male,1,Yes,No,36,Yes,Yes,Fiber optic,No,No,No,No,No,Yes,Month-to-month,Yes,Electronic check,84.1,3021.6,1,0,25-48 Months,High,Medium Risk,25-48 Months,1,0.5575083482528785,Medium Risk
0447-RXSGD,Male,0,No,No,24,Yes,Yes,Fiber optic,No,Yes,No,No,Yes,Yes,Month-to-month,Yes,Bank transfer (automatic),99.65,2404.85,0,0,13-24 Months,High,Medium Risk,13-24 Months,1,0.5011368681693551,Medium Risk
4086-WITJG,Male,0,Yes,Yes,71,Yes,No,No,No internet service,No internet service,No internet service,No internet service,No internet service,No internet service,Two year,No,Credit card (automatic),19.7,1301.1,0,0,49+ Months,Low,Low Risk,49+ Months,0,0.0026605446483382914,Low Risk
7872-BAAZR,Female,0,Yes,Yes,53,Yes,No,No,No internet service,No internet service,No internet service,No internet service,No internet service,No internet service,One year,No,Bank transfer (automatic),19.55,1007.9,0,0,49+ Months,Low,Low Risk,49+ Months,0,0.013001022812064254,Low Risk
3589-PPVKW,Male,0,No,No,9,Yes,No,DSL,No,No,No,No,No,No,Month-to-month,Yes,Mailed check,44.4,348.15,0,0,0-12 Months,Medium,Medium Risk,0-12 Months,0,0.36945715101516785,Low Risk
8720-RQSBJ,Male,1,No,No,1,Yes,No,DSL,No,No,No,No,No,No,Month-to-month,No,Electronic check,44.0,44.0,0,0,0-12 Months,Medium,Medium Risk,0-12 Months,1,0.5154846159651137,Medium Risk
7551-DACSP,Male,0,Yes,Yes,6,Yes,No,DSL,No,Yes,Yes,No,No,No,Month-to-month,Yes,Mailed check,55.3,324.25,1,0,0-12 Months,Medium,Medium Risk,0-12 Months,0,0.3173072462595352,Low Risk
7854-EKTJL,Female,0,No,Yes,2,Yes,No,No,No internet service,No internet service,No internet service,No internet service,No internet service,No internet service,Month-to-month,Yes,Electronic check,19.6,35.85,1,0,0-12 Months,Low,Medium Risk,0-12 Months,0,0.2894689012507404,Low Risk
5373-SFODM,Male,1,Yes,No,36,Yes,Yes,Fiber optic,No,No,No,No,No,Yes,Month-to-month,Yes,Credit card (automatic),85.25,3132.75,1,0,25-48 Months,High,Medium Risk,25-48 Months,0,0.47720667207910294,Medium Risk
2812-SFXMJ,Male,0,No,Yes,1,Yes,No,No,No internet service,No internet service,No internet service,No internet service,No internet service,No internet service,Month-to-month,No,Mailed check,20.05,20.05,0,0,0-12 Months,Low,Medium Risk,0-12 Months,0,0.1861889231987092,Low Risk
3374-PZLXD,Male,0,No,No,34,Yes,No,No,No internet service,No internet service,No internet service,No internet service,No internet service,No internet service,Month-to-month,No,Mailed check,19.7,675.6,0,0,25-48 Months,Low,Medium Risk,25-48 Months,0,0.04663453167563913,Low Risk
9860-LISIZ,Female,0,No,No,34,Yes,No,No,No internet service,No internet service,No internet service,No internet service,No internet service,No internet service,Month-to-month,No,Mailed check,20.35,673.2,0,0,25-48 Months,Low,Medium Risk,25-48 Months,0,0.047140685920827104,Low Risk
1982-FEBTD,Female,0,Yes,Yes,23,Yes,Yes,No,No internet service,No internet service,No internet service,No internet service,No internet service,No internet service,Two year,Yes,Credit card (automatic),25.6,514.75,0,0,13-24 Months,Low,Low Risk,13-24 Months,0,0.02292371291206268,Low Risk
9402-ORRAH,Female,1,No,No,15,Yes,No,Fiber optic,No,No,No,No,Yes,Yes,Month-to-month,Yes,Electronic check,91.5,1400.3,0,0,13-24 Months,High,Medium Risk,13-24 Months,1,0.6718866724231648,Medium Risk
5014-WUQMG,Male,0,Yes,Yes,47,Yes,No,Fiber optic,Yes,Yes,Yes,No,No,Yes,One year,Yes,Electronic check,96.1,4391.45,0,0,25-48 Months,High,Low Risk,25-48 Months,0,0.09739474412251262,Low Risk
7789-CRUVC,Female,1,Yes,No,61,Yes,Yes,Fiber optic,Yes,Yes,Yes,Yes,No,No,Month-to-month,Yes,Credit card (automatic),94.2,5895.45,0,0,49+ Months,High,Medium Risk,49+ Months,0,0.1828947972590714,Low Risk
1069-XAIEM,Female,1,No,No,1,Yes,Yes,Fiber optic,No,No,No,No,No,Yes,Month-to-month,Yes,Electronic check,85.05,85.05,1,0,0-12 Months,High,High Risk,0-12 Months,1,0.8566705467727551,High Risk
9953-ZMKSM,Male,0,No,No,63,Yes,Yes,No,No internet service,No internet service,No internet service,No internet service,No internet service,No internet service,Two year,No,Mailed check,25.25,1559.3,0,0,49+ Months,Low,Low Risk,49+ Months,0,0.007423257315774133,Low Risk
8617-ENBDS,Male,0,No,No,3,Yes,No,Fiber optic,No,No,Yes,No,No,No,Month-to-month,Yes,Credit card (automatic),73.6,232.5,0,0,0-12 Months,High,High Risk,0-12 Months,1,0.6544790265482499,Medium Risk
7611-YKYTC,Male,0,Yes,Yes,22,Yes,No,Fiber optic,Yes,No,No,No,No,No,Month-to-month,No,Bank transfer (automatic),75.0,1573.95,0,0,13-24 Months,High,Medium Risk,13-24 Months,0,0.1633607860033732,Low Risk
0071-NDAFP,Male,0,Yes,Yes,25,Yes,Yes,No,No internet service,No internet service,No internet service,No internet service,No internet service,No internet service,Two year,No,Credit card (automatic),25.5,630.6,0,0,25-48 Months,Low,Low Risk,25-48 Months,0,0.019893779735819624,Low Risk
4369-NYSCF,Male,0,No,No,56,Yes,No,DSL,No,Yes,No,Yes,Yes,Yes,One year,Yes,Bank transfer (automatic),75.75,4284.65,0,0,49+ Months,High,Low Risk,49+ Months,0,0.05430556942218389,Low Risk
3841-CONLJ,Female,0,Yes,No,1,No,No phone service,DSL,No,No,No,No,No,Yes,Month-to-month,No,Electronic check,35.0,35.0,0,0,0-12 Months,Medium,Medium Risk,0-12 Months,1,0.6836136772413594,Medium Risk
5159-YFPKQ,Female,0,No,No,2,Yes,No,Fiber optic,No,No,Yes,No,No,No,Month-to-month,Yes,Electronic check,75.8,160.75,1,0,0-12 Months,High,High Risk,0-12 Months,1,0.7238785913083323,High Risk
5052-PNLOS,Male,0,No,No,3,Yes,Yes,Fiber optic,No,Yes,Yes,No,Yes,Yes,Month-to-month,Yes,Bank transfer (automatic),105.35,323.25,1,0,0-12 Months,High,High Risk,0-12 Months,1,0.7744233812433277,High Risk
7399-QHBJS,Female,0,Yes,Yes,72,Yes,Yes,DSL,Yes,Yes,No,Yes,No,No,Two year,No,Credit card (automatic),66.75,4760.3,0,0,49+ Months,Medium,Low Risk,49+ Months,0,0.004895807182878114,Low Risk
6834-NXDCA,Female,0,No,No,13,No,No phone service,DSL,No,No,No,No,No,No,Month-to-month,Yes,Electronic check,23.9,300.8,1,0,13-24 Months,Low,Medium Risk,13-24 Months,0,0.40198787734725555,Medium Risk
5198-HQAEN,Male,0,Yes,Yes,35,Yes,No,Fiber optic,No,Yes,No,Yes,Yes,No,One year,Yes,Electronic check,89.7,3165.6,0,0,25-48 Months,High,Low Risk,25-48 Months,0,0.15351553655062058,Low Risk
1608-GMEWB,Male,1,No,No,45,Yes,Yes,Fiber optic,No,No,No,No,Yes,Yes,Month-to-month,Yes,Bank transfer (automatic),93.9,4200.25,0,0,25-48 Months,High,Medium Risk,25-48 Months,0,0.46230806591722184,Medium Risk
1746-TGTWV,Male,0,Yes,No,1,Yes,No,Fiber optic,No,No,Yes,No,No,No,Month-to-month,No,Credit card (automatic),75.35,75.35,0,0,0-12 Months,High,High Risk,0-12 Months,1,0.593195997025349,Medium Risk
6891-JPYFF,Female,0,Yes,Yes,48,Yes,Yes,Fiber optic,Yes,Yes,No,No,Yes,Yes,Month-to-month,Yes,Credit card (automatic),105.25,4997.5,0,0,25-48 Months,High,Medium Risk,25-48 Months,0,0.2386780018071145,Low Risk
8173-RXAYP,Female,0,Yes,Yes,24,Yes,No,No,No internet service,No internet service,No internet service,No internet service,No internet service,No internet service,Two year,No,Mailed check,19.7,452.55,0,0,13-24 Months,Low,Low Risk,13-24 Months,0,0.011750649246300756,Low Risk
4989-LIXVT,Male,1,No,No,68,Yes,Yes,Fiber optic,No,Yes,Yes,No,No,Yes,Month-to-month,Yes,Electronic check,95.9,6503.2,0,0,49+ Months,High,Medium Risk,49+ Months,0,0.3758773329598938,Low Risk
9840-DVNDC,Male,0,No,No,6,Yes,No,Fiber optic,No,No,No,No,Yes,No,Month-to-month,Yes,Credit card (automatic),80.5,463.05,1,0,0-12 Months,High,High Risk,0-12 Months,1,0.6679629959152863,Medium Risk
2040-XBAVJ,Male,0,Yes,Yes,72,Yes,Yes,Fiber optic,Yes,Yes,Yes,Yes,Yes,Yes,Two year,No,Bank transfer (automatic),114.45,8100.55,0,0,49+ Months,High,Low Risk,49+ Months,0,0.02954725740567294,Low Risk
6344-SFJVH,Female,0,No,No,20,No,No phone service,DSL,No,No,No,No,No,No,Month-to-month,No,Credit card (automatic),24.9,505.95,0,0,13-24 Months,Low,Medium Risk,13-24 Months,0,0.20552355128648614,Low Risk
9548-LERKT,Male,0,Yes,No,24,Yes,No,No,No internet service,No internet service,No internet service,No internet service,No internet service,No internet service,Two year,No,Mailed check,19.75,483.15,0,0,13-24 Months,Low,Low Risk,13-24 Months,0,0.014116172941377556,Low Risk
8709-KRDVL,Female,0,No,No,33,Yes,Yes,Fiber optic,No,Yes,No,No,Yes,Yes,Month-to-month,Yes,Electronic check,100.0,3320.6,0,0,25-48 Months,High,Medium Risk,25-48 Months,1,0.5801355985173193,Medium Risk
5976-JCJRH,Male,0,Yes,No,10,Yes,No,Fiber optic,No,No,No,No,No,No,Month-to-month,Yes,Electronic check,70.3,738.2,1,0,0-12 Months,High,High Risk,0-12 Months,1,0.636762728327499,Medium Risk
4829-AUOAX,Female,0,No,No,46,Yes,Yes,Fiber optic,No,No,No,No,Yes,Yes,Month-to-month,No,Bank transfer (automatic),96.05,4399.5,1,0,25-48 Months,High,Medium Risk,25-48 Months,0,0.33245204748298707,Low Risk
9286-BHDQG,Male,0,Yes,Yes,72,No,No phone service,DSL,Yes,Yes,Yes,Yes,No,No,Two year,No,Credit card (automatic),45.25,3139.8,0,0,49+ Months,Medium,Low Risk,49+ Months,0,0.005670412559817233,Low Risk
9907-SWKKF,Female,1,No,No,1,No,No phone service,DSL,No,No,No,No,No,No,Month-to-month,No,Mailed check,25.05,25.05,1,0,0-12 Months,Low,Medium Risk,0-12 Months,1,0.5462937515231311,Medium Risk
8266-VBFQL,Male,0,No,No,4,Yes,No,Fiber optic,No,No,Yes,Yes,No,Yes,Month-to-month,Yes,Electronic check,90.4,356.65,0,0,0-12 Months,High,High Risk,0-12 Months,1,0.6793266570868371,Medium Risk
4512-ZUIYL,Female,0,No,No,2,Yes,No,Fiber optic,No,No,No,No,No,No,Month-to-month,No,Bank transfer (automatic),70.0,153.05,1,0,0-12 Months,High,High Risk,0-12 Months,1,0.5668568822258927,Medium Risk
7503-QQRVF,Male,1,Yes,No,16,Yes,No,Fiber optic,No,Yes,No,No,No,No,Month-to-month,Yes,Credit card (automatic),74.3,1178.25,1,0,13-24 Months,High,Medium Risk,13-24 Months,0,0.41025593424847556,Medium Risk
7923-IYJWY,Male,1,No,No,67,Yes,Yes,Fiber optic,Yes,Yes,Yes,Yes,Yes,Yes,Two year,Yes,Credit card (automatic),116.1,7839.85,0,0,49+ Months,High,Low Risk,49+ Months,0,0.07402686883459463,Low Risk
9565-JSNFM,Male,0,No,No,38,Yes,No,Fiber optic,No,No,No,No,No,No,One year,Yes,Bank transfer (automatic),70.45,2597.6,1,0,25-48 Months,High,Low Risk,25-48 Months,0,0.13638759441094547,Low Risk
7359-WWYJV,Male,0,Yes,No,72,Yes,Yes,Fiber optic,Yes,Yes,Yes,Yes,Yes,Yes,Two year,No,Credit card (automatic),114.45,8375.05,0,0,49+ Months,High,Low Risk,49+ Months,0,0.040099899075825896,Low Risk
6497-TILVL,Female,0,Yes,Yes,7,Yes,No,DSL,Yes,No,No,No,No,No,Month-to-month,No,Mailed check,50.7,350.35,0,0,0-12 Months,Medium,Medium Risk,0-12 Months,0,0.20456024636089726,Low Risk
5331-RGMTT,Male,1,Yes,No,54,Yes,Yes,Fiber optic,No,No,Yes,No,Yes,Yes,Month-to-month,Yes,Credit card (automatic),99.05,5295.7,0,0,49+ Months,High,Medium Risk,49+ Months,1,0.557224556190587,Medium Risk
2856-HYAPG,Female,0,No,No,1,Yes,No,Fiber optic,No,No,No,No,No,No,Month-to-month,No,Electronic check,68.65,68.65,1,0,0-12 Months,Medium,Medium Risk,0-12 Months,1,0.6827965322646466,Medium Risk
0733-VUNUW,Male,0,No,No,24,Yes,Yes,DSL,Yes,No,No,No,No,No,Month-to-month,Yes,Bank transfer (automatic),55.65,1400.55,1,0,13-24 Months,Medium,Medium Risk,13-24 Months,0,0.15098925139895092,Low Risk
8966-KZXXA,Male,0,Yes,Yes,36,Yes,Yes,No,No internet service,No internet service,No internet service,No internet service,No internet service,No internet service,Two year,No,Credit card (automatic),25.1,930.95,0,0,25-48 Months,Low,Low Risk,25-48 Months,0,0.011994689768156415,Low Risk
0576-WNXXC,Male,1,Yes,No,27,Yes,Yes,Fiber optic,No,Yes,Yes,No,No,Yes,Month-to-month,Yes,Electronic check,95.55,2510.2,1,0,25-48 Months,High,Medium Risk,25-48 Months,1,0.6096980822660579,Medium Risk
7601-GNDYK,Male,0,Yes,Yes,35,Yes,No,No,No internet service,No internet service,No internet service,No internet service,No internet service,No internet service,Two year,No,Mailed check,19.6,686.95,0,0,25-48 Months,Low,Low Risk,25-48 Months,0,0.008711675505444367,Low Risk
5228-EXCET,Male,0,No,No,13,Yes,No,Fiber optic,No,No,No,No,No,Yes,Month-to-month,Yes,Electronic check,80.85,1008.7,1,0,13-24 Months,High,Medium Risk,13-24 Months,1,0.566639569565629,Medium Risk
9048-JVYVF,Male,0,No,No,3,Yes,No,DSL,No,No,No,Yes,Yes,Yes,Month-to-month,Yes,Electronic check,69.35,191.35,1,0,0-12 Months,Medium,Medium Risk,0-12 Months,1,0.5515924150956787,Medium Risk
2129-ALKBS,Female,0,Yes,Yes,40,Yes,Yes,No,No internet service,No internet service,No internet service,No internet service,No internet service,No internet service,Month-to-month,Yes,Electronic check,26.2,1077.5,0,0,25-48 Months,Low,Medium Risk,25-48 Months,0,0.07257603575423263,Low Risk
5240-CAOYT,Female,0,No,No,57,Yes,Yes,Fiber optic,Yes,Yes,No,Yes,No,No,Month-to-month,Yes,Bank transfer (automatic),87.55,4884.85,0,0,49+ Months,High,Medium Risk,49+ Months,0,0.15356659500628314,Low Risk
8259-DZLIZ,Female,0,Yes,Yes,64,Yes,Yes,DSL,No,Yes,No,No,No,No,One year,Yes,Bank transfer (automatic),53.85,3399.85,0,0,49+ Months,Medium,Low Risk,49+ Months,0,0.03617098887868344,Low Risk
9050-QLROH,Male,0,No,No,18,Yes,Yes,Fiber optic,No,No,Yes,No,No,Yes,Month-to-month,Yes,Credit card (automatic),90.7,1597.25,1,0,13-24 Months,High,Medium Risk,13-24 Months,1,0.5495418717604399,Medium Risk
7037-MTYVW,Male,0,Yes,Yes,38,Yes,Yes,DSL,Yes,No,Yes,Yes,Yes,Yes,Two year,Yes,Bank transfer (automatic),85.4,3297.0,0,0,25-48 Months,High,Low Risk,25-48 Months,0,0.03126817575284032,Low Risk
0679-IDSTG,Female,1,Yes,Yes,1,Yes,No,Fiber optic,No,No,No,No,No,No,Month-to-month,Yes,Electronic check,69.25,69.25,1,0,0-12 Months,Medium,Medium Risk,0-12 Months,1,0.7368140262334836,High Risk
6376-GAHQE,Male,0,No,No,4,Yes,No,Fiber optic,No,No,No,No,Yes,No,Month-to-month,No,Electronic check,77.85,299.2,1,0,0-12 Months,High,High Risk,0-12 Months,1,0.703559110495427,High Risk
9732-KPKBW,Male,0,No,No,1,Yes,No,DSL,Yes,No,No,Yes,No,No,Month-to-month,Yes,Electronic check,53.95,53.95,1,0,0-12 Months,Medium,Medium Risk,0-12 Months,0,0.3479969633544799,Low Risk
6331-LWDTQ,Male,0,No,No,10,Yes,Yes,DSL,No,No,No,No,Yes,Yes,Month-to-month,Yes,Credit card (automatic),72.15,794.25,1,0,0-12 Months,High,High Risk,0-12 Months,1,0.5571069354945803,Medium Risk
0829-XXPLX,Female,0,No,No,20,Yes,No,Fiber optic,Yes,No,Yes,No,Yes,No,Month-to-month,Yes,Bank transfer (automatic),89.4,1871.15,0,0,13-24 Months,High,Medium Risk,13-24 Months,0,0.35122287973582195,Low Risk
1170-SASML,Female,0,Yes,No,69,Yes,Yes,Fiber optic,No,Yes,Yes,No,No,No,Month-to-month,Yes,Bank transfer (automatic),85.4,5869.4,0,0,49+ Months,High,Medium Risk,49+ Months,0,0.19081889871741783,Low Risk
8621-MNIHH,Female,1,Yes,No,34,Yes,Yes,Fiber optic,No,Yes,Yes,No,No,Yes,Month-to-month,Yes,Electronic check,94.25,3217.55,1,0,25-48 Months,High,Medium Risk,25-48 Months,1,0.5610978657194791,Medium Risk
5103-MHMHY,Female,0,No,Yes,1,Yes,No,DSL,No,No,No,No,No,No,Month-to-month,No,Mailed check,45.95,45.95,1,0,0-12 Months,Medium,Medium Risk,0-12 Months,0,0.33730072579604414,Low Risk
6671-NGWON,Female,0,No,No,7,Yes,No,No,No internet service,No internet service,No internet service,No internet service,No internet service,No internet service,Month-to-month,No,Mailed check,20.35,150.6,0,0,0-12 Months,Low,Medium Risk,0-12 Months,0,0.17727697587424704,Low Risk
1329-VHWNP,Female,0,No,No,7,No,No phone service,DSL,No,No,No,No,No,No,Month-to-month,No,Bank transfer (automatic),25.05,189.95,0,0,0-12 Months,Low,Medium Risk,0-12 Months,0,0.4044382758280739,Medium Risk
7579-KKLOE,Male,0,Yes,Yes,71,Yes,Yes,DSL,Yes,Yes,Yes,Yes,Yes,Yes,Two year,Yes,Mailed check,91.25,6589.6,0,0,49+ Months,High,Low Risk,49+ Months,0,0.01469409481202195,Low Risk
4049-ZPALD,Female,0,Yes,No,64,Yes,No,Fiber optic,Yes,No,Yes,No,Yes,Yes,Two year,Yes,Bank transfer (automatic),99.0,6375.8,0,0,49+ Months,High,Low Risk,49+ Months,0,0.06891094577091611,Low Risk
6475-VHUIZ,Female,0,Yes,No,23,Yes,No,DSL,No,No,Yes,Yes,No,No,Month-to-month,No,Electronic check,54.25,1221.55,0,0,13-24 Months,Medium,Medium Risk,13-24 Months,0,0.13882547011888519,Low Risk
6000-UKLWI,Male,0,No,No,41,Yes,No,No,No internet service,No internet service,No internet service,No internet service,No internet service,No internet service,Two year,No,Mailed check,20.15,802.35,0,0,25-48 Months,Low,Low Risk,25-48 Months,0,0.008002907087592496,Low Risk
4589-IUAJB,Male,0,Yes,No,70,Yes,Yes,No,No internet service,No internet service,No internet service,No internet service,No internet service,No internet service,Two year,No,Bank transfer (automatic),24.25,1724.15,0,0,49+ Months,Low,Low Risk,49+ Months,0,0.004981902043986285,Low Risk
5827-MWCZK,Male,0,Yes,Yes,56,Yes,Yes,Fiber optic,No,Yes,No,Yes,Yes,No,Month-to-month,Yes,Credit card (automatic),96.95,5432.2,0,0,49+ Months,High,Medium Risk,49+ Months,0,0.23544291543474966,Low Risk
3540-RZJYU,Female,0,No,No,15,Yes,No,Fiber optic,Yes,No,No,No,Yes,No,Month-to-month,No,Electronic check,86.2,1270.2,1,0,13-24 Months,High,Medium Risk,13-24 Months,0,0.3905345947937424,Low Risk
5327-XOKKY,Male,1,Yes,No,72,Yes,Yes,DSL,No,No,Yes,No,Yes,Yes,Two year,Yes,Credit card (automatic),73.45,5329.0,0,0,49+ Months,High,Low Risk,49+ Months,0,0.047415673628413375,Low Risk
5357-TZHPP,Male,1,No,No,9,Yes,Yes,Fiber optic,No,No,No,No,No,Yes,Month-to-month,Yes,Credit card (automatic),84.4,732.5,1,0,0-12 Months,High,High Risk,0-12 Months,1,0.7588573820173656,High Risk
9506-UXUSK,Male,0,No,No,13,Yes,No,Fiber optic,No,No,No,No,No,No,Month-to-month,Yes,Electronic check,70.15,931.75,0,0,13-24 Months,High,Medium Risk,13-24 Months,1,0.5086271042999468,Medium Risk
1744-JHKYS,Female,0,Yes,No,34,Yes,Yes,No,No internet service,No internet service,No internet service,No internet service,No internet service,No internet service,Month-to-month,No,Electronic check,24.7,780.2,0,0,25-48 Months,Low,Medium Risk,25-48 Months,0,0.08921036133812009,Low Risk
7926-IJOOU,Male,0,No,No,1,Yes,No,No,No internet service,No internet service,No internet service,No internet service,No internet service,No internet service,Month-to-month,No,Credit card (automatic),19.3,19.3,0,0,0-12 Months,Low,Medium Risk,0-12 Months,0,0.22132569101505362,Low Risk
3125-RAHBV,Male,0,No,No,22,Yes,No,No,No internet service,No internet service,No internet service,No internet service,No internet service,No internet service,One year,No,Credit card (automatic),20.3,467.15,0,0,13-24 Months,Low,Low Risk,13-24 Months,0,0.031896218790645484,Low Risk
5178-LMXOP,Male,1,Yes,No,1,Yes,Yes,Fiber optic,No,No,No,No,Yes,Yes,Month-to-month,Yes,Electronic check,95.1,95.1,1,0,0-12 Months,High,High Risk,0-12 Months,1,0.8834780791475682,High Risk
1986-PHGZF,Male,1,No,No,18,Yes,Yes,DSL,Yes,Yes,No,No,No,No,Month-to-month,Yes,Credit card (automatic),58.4,964.9,0,0,13-24 Months,Medium,Medium Risk,13-24 Months,0,0.20809556280405983,Low Risk
8128-YVJRG,Female,0,No,No,7,Yes,Yes,Fiber optic,Yes,No,No,No,No,No,Month-to-month,Yes,Mailed check,79.65,604.7,1,0,0-12 Months,High,High Risk,0-12 Months,1,0.5993475153494763,Medium Risk
8393-JMVMB,Male,0,No,No,1,Yes,No,No,No internet service,No internet service,No internet service,No internet service,No internet service,No internet service,Month-to-month,No,Mailed check,19.45,19.45,0,0,0-12 Months,Low,Medium Risk,0-12 Months,0,0.2226797908848225,Low Risk
9153-BTBVV,Female,0,Yes,No,71,Yes,Yes,No,No internet service,No internet service,No internet service,No internet service,No internet service,No internet service,Two year,No,Bank transfer (automatic),25.0,1753.0,0,0,49+ Months,Low,Low Risk,49+ Months,0,0.004796203275854556,Low Risk
0719-SYFRB,Female,0,No,No,12,Yes,Yes,DSL,Yes,No,Yes,Yes,No,No,Month-to-month,Yes,Mailed check,61.65,713.75,1,0,0-12 Months,Medium,Medium Risk,0-12 Months,0,0.28815189411892883,Low Risk
9674-EHPPG,Male,0,Yes,No,46,No,No phone service,DSL,Yes,No,Yes,Yes,No,No,Two year,No,Credit card (automatic),40.4,1842.7,0,0,25-48 Months,Medium,Low Risk,25-48 Months,0,0.014674471382948959,Low Risk
7056-IMHCC,Male,1,Yes,No,53,Yes,Yes,Fiber optic,No,Yes,No,No,Yes,Yes,Month-to-month,Yes,Electronic check,101.9,5549.4,1,0,49+ Months,High,Medium Risk,49+ Months,1,0.5801402178236548,Medium Risk
0379-DJQHR,Male,0,Yes,Yes,67,Yes,No,DSL,Yes,Yes,Yes,No,Yes,Yes,Two year,No,Credit card (automatic),81.35,5398.6,0,0,49+ Months,High,Low Risk,49+ Months,0,0.011253506511867753,Low Risk
2105-PHWON,Female,0,Yes,No,33,Yes,Yes,Fiber optic,No,No,Yes,Yes,No,Yes,Month-to-month,Yes,Credit card (automatic),95.0,3008.15,0,0,25-48 Months,High,Medium Risk,25-48 Months,0,0.39116488250056114,Low Risk
9389-ACWBI,Female,0,Yes,Yes,5,Yes,No,Fiber optic,No,No,No,No,No,No,Month-to-month,No,Credit card (automatic),69.95,320.4,0,0,0-12 Months,Medium,Medium Risk,0-12 Months,1,0.5085575955413035,Medium Risk
5699-BNCAS,Male,1,No,No,71,Yes,Yes,No,No internet service,No internet service,No internet service,No internet service,No internet service,No internet service,Two year,Yes,Mailed check,24.65,1766.75,0,0,49+ Months,Low,Low Risk,49+ Months,0,0.008445854850330434,Low Risk
8455-HIRAQ,Female,0,No,No,8,Yes,No,DSL,No,No,No,No,No,No,Month-to-month,No,Mailed check,44.45,369.3,0,0,0-12 Months,Medium,Medium Risk,0-12 Months,0,0.32237772687643274,Low Risk
9233-PSYHO,Female,1,No,No,45,Yes,Yes,Fiber optic,No,No,Yes,No,Yes,Yes,One year,Yes,Bank transfer (automatic),100.15,4459.8,0,0,25-48 Months,High,Low Risk,25-48 Months,0,0.31616693510934857,Low Risk
8821-KVZKQ,Female,0,Yes,Yes,70,No,No phone service,DSL,No,Yes,Yes,Yes,Yes,Yes,One year,Yes,Bank transfer (automatic),58.4,4113.15,0,0,49+ Months,Medium,Low Risk,49+ Months,0,0.049518288997464834,Low Risk
6668-CNMFP,Female,0,Yes,Yes,19,Yes,Yes,Fiber optic,No,No,No,Yes,No,Yes,One year,Yes,Bank transfer (automatic),89.35,1686.85,0,0,13-24 Months,High,Low Risk,13-24 Months,0,0.23590254104880296,Low Risk
3721-CNEYS,Female,0,No,No,2,Yes,No,Fiber optic,No,No,No,No,No,No,Month-to-month,Yes,Electronic check,70.95,137.95,1,0,0-12 Months,High,High Risk,0-12 Months,1,0.7129560645700905,High Risk
6435-SRWBJ,Female,0,No,No,5,Yes,Yes,Fiber optic,No,No,Yes,Yes,No,No,Month-to-month,Yes,Electronic check,82.75,417.75,0,0,0-12 Months,High,High Risk,0-12 Months,1,0.7158750500601754,High Risk
4538-WNTMJ,Female,0,Yes,Yes,46,Yes,Yes,No,No internet service,No internet service,No internet service,No internet service,No internet service,No internet service,One year,No,Mailed check,24.95,1165.9,0,0,25-48 Months,Low,Low Risk,25-48 Months,0,0.01625952874844908,Low Risk
2108-YKQTY,Female,0,No,No,4,Yes,No,DSL,No,Yes,No,No,No,No,Month-to-month,No,Credit card (automatic),50.7,151.3,1,0,0-12 Months,Medium,Medium Risk,0-12 Months,0,0.31060447068966107,Low Risk
3097-NQYSN,Male,1,Yes,No,2,Yes,Yes,Fiber optic,No,No,No,No,Yes,No,Month-to-month,Yes,Mailed check,86.85,156.35,1,0,0-12 Months,High,High Risk,0-12 Months,1,0.8024817573765558,High Risk
1395-OFUWC,Male,0,Yes,Yes,43,No,No phone service,DSL,No,Yes,No,No,No,No,Month-to-month,No,Credit card (automatic),29.3,1224.05,0,0,25-48 Months,Low,Medium Risk,25-48 Months,0,0.06919328810349275,Low Risk
7878-JGDKK,Male,0,No,No,4,Yes,No,DSL,No,No,No,No,No,No,Month-to-month,No,Mailed check,44.55,220.75,0,0,0-12 Months,Medium,Medium Risk,0-12 Months,0,0.35708714603201797,Low Risk
8097-OMULG,Male,0,Yes,Yes,59,Yes,No,DSL,No,Yes,Yes,Yes,Yes,Yes,One year,No,Credit card (automatic),76.75,4541.9,0,0,49+ Months,High,Low Risk,49+ Months,0,0.03651380054779734,Low Risk
1066-JKSGK,Male,0,No,No,1,Yes,No,No,No internet service,No internet service,No internet service,No internet service,No internet service,No internet service,Month-to-month,No,Mailed check,20.15,20.15,1,0,0-12 Months,Low,Medium Risk,0-12 Months,0,0.2197458264574143,Low Risk
5975-BAICR,Male,0,Yes,Yes,36,Yes,No,DSL,Yes,No,Yes,No,No,Yes,One year,Yes,Credit card (automatic),63.7,2188.5,0,0,25-48 Months,Medium,Low Risk,25-48 Months,0,0.05413485480457911,Low Risk
5445-GLVOT,Female,0,No,No,22,Yes,No,DSL,Yes,No,No,No,No,No,Month-to-month,Yes,Electronic check,49.8,1049.05,0,0,13-24 Months,Medium,Medium Risk,13-24 Months,0,0.16628731435556632,Low Risk
8402-EIVQS,Male,0,Yes,No,67,Yes,No,Fiber optic,Yes,Yes,No,No,Yes,Yes,One year,Yes,Credit card (automatic),100.9,6733.15,0,0,49+ Months,High,Low Risk,49+ Months,0,0.09963516773611339,Low Risk
9572-WUKSB,Male,0,Yes,No,3,No,No phone service,DSL,No,No,No,Yes,No,No,Month-to-month,Yes,Electronic check,29.9,92.25,0,0,0-12 Months,Low,Medium Risk,0-12 Months,1,0.5192643524068938,Medium Risk
7629-WIXZF,Female,0,No,No,7,Yes,No,DSL,Yes,No,No,No,No,Yes,One year,Yes,Electronic check,59.1,369.25,0,0,0-12 Months,Medium,Medium Risk,0-12 Months,0,0.15073335302733232,Low Risk
7198-GLXTC,Male,0,No,No,2,Yes,No,Fiber optic,No,No,No,No,Yes,No,Month-to-month,No,Electronic check,79.0,143.65,1,0,0-12 Months,High,High Risk,0-12 Months,1,0.7144346039712122,High Risk
5067-DGXLL,Male,0,No,No,2,Yes,No,No,No internet service,No internet service,No internet service,No internet service,No internet service,No internet service,Month-to-month,No,Mailed check,20.25,36.8,0,0,0-12 Months,Low,Medium Risk,0-12 Months,0,0.21103023247073358,Low Risk
5774-QPLTF,Male,0,Yes,Yes,50,Yes,No,No,No internet service,No internet service,No internet service,No internet service,No internet service,No internet service,One year,Yes,Mailed check,20.35,938.95,0,0,49+ Months,Low,Low Risk,49+ Months,0,0.020543683019023498,Low Risk
3537-RYBHH,Female,1,Yes,No,47,Yes,Yes,DSL,Yes,Yes,Yes,No,No,No,Month-to-month,Yes,Credit card (automatic),67.45,3252.0,0,0,25-48 Months,Medium,Medium Risk,25-48 Months,0,0.09253185521857098,Low Risk
4002-BQWPQ,Male,0,No,No,25,Yes,Yes,DSL,Yes,Yes,Yes,Yes,No,Yes,Month-to-month,No,Bank transfer (automatic),81.75,2028.8,0,0,25-48 Months,High,Medium Risk,25-48 Months,0,0.11302921418245988,Low Risk
2165-VOEGB,Female,0,No,Yes,46,Yes,No,Fiber optic,Yes,Yes,No,Yes,Yes,Yes,One year,Yes,Bank transfer (automatic),105.2,4822.85,1,0,25-48 Months,High,Low Risk,25-48 Months,0,0.07159888477293867,Low Risk
4154-AQUGT,Male,1,Yes,No,13,Yes,No,Fiber optic,No,Yes,No,Yes,No,Yes,Month-to-month,Yes,Bank transfer (automatic),89.05,1169.35,1,0,13-24 Months,High,Medium Risk,13-24 Months,0,0.4035385126234598,Medium Risk
5985-BEHZK,Female,1,Yes,No,72,Yes,Yes,Fiber optic,No,Yes,Yes,No,Yes,Yes,One year,No,Credit card (automatic),105.0,7578.05,0,0,49+ Months,High,Low Risk,49+ Months,0,0.1756951331156086,Low Risk
3450-WXOAT,Male,0,No,No,46,Yes,No,DSL,No,No,No,No,No,No,Month-to-month,Yes,Credit card (automatic),45.2,2065.15,0,0,25-48 Months,Medium,Medium Risk,25-48 Months,0,0.08455420429782216,Low Risk
6060-QBMGV,Male,0,Yes,No,70,Yes,No,No,No internet service,No internet service,No internet service,No internet service,No internet service,No internet service,Two year,No,Credit card (automatic),19.85,1433.8,0,0,49+ Months,Low,Low Risk,49+ Months,0,0.003506629039712694,Low Risk
8696-JKZNU,Female,1,No,No,37,Yes,Yes,Fiber optic,No,No,No,No,No,No,Month-to-month,Yes,Electronic check,76.25,2841.55,1,0,25-48 Months,High,Medium Risk,25-48 Months,0,0.4748413249804747,Medium Risk
8429-XIBUM,Male,0,No,No,22,Yes,Yes,Fiber optic,Yes,No,No,No,Yes,Yes,Month-to-month,Yes,Bank transfer (automatic),101.35,2317.1,1,0,13-24 Months,High,Medium Risk,13-24 Months,0,0.4570717741572651,Medium Risk
9445-SZLCH,Female,0,Yes,Yes,36,Yes,Yes,Fiber optic,No,Yes,Yes,No,Yes,No,Month-to-month,Yes,Bank transfer (automatic),97.35,3457.9,1,0,25-48 Months,High,Medium Risk,25-48 Months,0,0.3408969392029713,Low Risk
0876-WDUUZ,Female,0,No,No,5,Yes,No,Fiber optic,No,No,No,Yes,No,Yes,Month-to-month,Yes,Credit card (automatic),85.4,425.9,1,0,0-12 Months,High,High Risk,0-12 Months,1,0.5937658988277807,Medium Risk
6094-ZIVKX,Female,0,No,No,68,Yes,No,DSL,Yes,No,Yes,No,No,No,One year,Yes,Credit card (automatic),54.45,3674.95,0,0,49+ Months,Medium,Low Risk,49+ Months,0,0.02368720195169024,Low Risk
5149-QYTTU,Female,0,Yes,Yes,71,Yes,Yes,Fiber optic,Yes,Yes,Yes,Yes,No,No,One year,Yes,Credit card (automatic),95.15,6770.85,0,0,49+ Months,High,Low Risk,49+ Months,0,0.04605117179520783,Low Risk
1474-JUWSM,Female,0,Yes,No,58,Yes,Yes,DSL,Yes,No,No,Yes,No,Yes,One year,Yes,Electronic check,68.4,3972.25,0,0,49+ Months,Medium,Low Risk,49+ Months,0,0.0666246417954856,Low Risk
3318-OSATS,Male,1,No,No,35,Yes,Yes,Fiber optic,No,No,No,No,Yes,Yes,Month-to-month,Yes,Electronic check,95.45,3474.05,1,0,25-48 Months,High,Medium Risk,25-48 Months,1,0.6455667036690428,Medium Risk
2956-GGUCQ,Male,1,Yes,No,24,Yes,Yes,Fiber optic,Yes,No,No,No,No,No,Month-to-month,Yes,Electronic check,78.85,1772.25,1,0,13-24 Months,High,Medium Risk,13-24 Months,0,0.44241733671163197,Medium Risk
9753-OYLBX,Female,0,No,No,1,Yes,No,No,No internet service,No internet service,No internet service,No internet service,No internet service,No internet service,Month-to-month,No,Mailed check,20.5,20.5,0,0,0-12 Months,Low,Medium Risk,0-12 Months,0,0.22303112910259432,Low Risk
8701-DGLVH,Male,0,No,No,51,Yes,No,No,No internet service,No internet service,No internet service,No internet service,No internet service,No internet service,Two year,No,Mailed check,20.45,1042.65,0,0,49+ Months,Low,Low Risk,49+ Months,0,0.008838844047153656,Low Risk
3211-AAPKX,Male,0,No,No,20,Yes,Yes,Fiber optic,No,No,No,Yes,Yes,Yes,Month-to-month,Yes,Mailed check,98.55,2031.95,0,0,13-24 Months,High,Medium Risk,13-24 Months,1,0.5225256966554402,Medium Risk
3400-ESFUW,Male,0,Yes,Yes,55,Yes,No,DSL,Yes,Yes,No,Yes,No,No,Two year,No,Bank transfer (automatic),57.55,3046.4,1,0,49+ Months,Medium,Low Risk,49+ Months,0,0.006442843293027322,Low Risk
5136-GFPMB,Male,0,No,No,54,Yes,Yes,Fiber optic,No,No,Yes,No,No,Yes,Month-to-month,No,Credit card (automatic),89.4,4869.5,0,0,49+ Months,High,Medium Risk,49+ Months,0,0.3537798551967452,Low Risk
8050-XGRVL,Female,0,Yes,Yes,62,Yes,No,DSL,Yes,No,Yes,No,No,No,One year,No,Credit card (automatic),54.75,3425.35,0,0,49+ Months,Medium,Low Risk,49+ Months,0,0.018663182286862676,Low Risk
0778-NELLA,Male,0,No,No,9,No,No phone service,DSL,No,No,No,No,Yes,No,Month-to-month,Yes,Credit card (automatic),34.7,296.1,1,0,0-12 Months,Medium,Medium Risk,0-12 Months,1,0.5987894606043409,Medium Risk
5322-TEUJK,Female,0,Yes,Yes,71,Yes,Yes,Fiber optic,Yes,Yes,Yes,Yes,Yes,Yes,Two year,No,Bank transfer (automatic),114.6,8100.25,0,0,49+ Months,High,Low Risk,49+ Months,0,0.03178655467751815,Low Risk
0623-EJQEG,Male,0,No,No,65,Yes,Yes,Fiber optic,Yes,No,No,Yes,No,Yes,One year,No,Electronic check,93.55,6069.25,0,0,49+ Months,High,Low Risk,49+ Months,0,0.10075768679963833,Low Risk
6617-WLBQC,Female,0,Yes,Yes,23,Yes,Yes,Fiber optic,Yes,No,No,No,No,No,One year,No,Credit card (automatic),81.85,1810.85,0,0,13-24 Months,High,Low Risk,13-24 Months,0,0.1256790382922632,Low Risk
0824-VWDPO,Female,0,No,No,45,Yes,Yes,Fiber optic,Yes,Yes,No,No,No,Yes,One year,No,Bank transfer (automatic),96.75,4442.75,0,0,25-48 Months,High,Low Risk,25-48 Months,0,0.09676563151105286,Low Risk
3308-DGHKL,Male,0,No,No,69,Yes,No,No,No internet service,No internet service,No internet service,No internet service,No internet service,No internet service,Two year,Yes,Bank transfer (automatic),19.3,1447.9,0,0,49+ Months,Low,Low Risk,49+ Months,0,0.004724733690230172,Low Risk
6557-BZXLQ,Male,1,No,No,16,Yes,No,Fiber optic,No,No,No,No,No,No,Month-to-month,No,Electronic check,69.65,1043.3,0,0,13-24 Months,Medium,Medium Risk,13-24 Months,0,0.46961156566345874,Medium Risk
9795-SHUHB,Female,0,Yes,Yes,66,Yes,No,DSL,Yes,Yes,No,Yes,No,No,Two year,Yes,Credit card (automatic),58.2,3810.8,0,0,49+ Months,Medium,Low Risk,49+ Months,0,0.0058924122170962104,Low Risk
5339-PXDVH,Male,0,No,No,4,Yes,Yes,Fiber optic,Yes,No,No,No,Yes,No,Month-to-month,No,Electronic check,90.65,367.95,0,0,0-12 Months,High,High Risk,0-12 Months,1,0.6805421115558726,Medium Risk
7016-NVRIC,Male,1,Yes,No,29,Yes,No,Fiber optic,Yes,No,Yes,No,No,Yes,One year,No,Bank transfer (automatic),90.1,2656.7,0,0,25-48 Months,High,Low Risk,25-48 Months,0,0.17053475052662626,Low Risk
8152-UOBNY,Female,1,No,No,50,Yes,Yes,Fiber optic,No,Yes,No,Yes,Yes,Yes,One year,Yes,Electronic check,106.8,5347.95,0,0,49+ Months,High,Low Risk,49+ Months,0,0.3607722040138917,Low Risk
9254-RBFON,Female,0,Yes,Yes,17,Yes,No,Fiber optic,No,No,Yes,Yes,Yes,Yes,One year,No,Bank transfer (automatic),98.6,1704.95,1,0,13-24 Months,High,Low Risk,13-24 Months,0,0.20075369939579724,Low Risk
6723-CEGQI,Female,0,No,Yes,65,No,No phone service,DSL,No,Yes,No,Yes,Yes,No,Two year,No,Mailed check,45.25,2933.95,0,0,49+ Months,Medium,Low Risk,49+ Months,0,0.015595913961782542,Low Risk
4707-MAXGU,Male,0,Yes,No,72,Yes,Yes,No,No internet service,No internet service,No internet service,No internet service,No internet service,No internet service,Two year,No,Credit card (automatic),25.85,1872.2,0,0,49+ Months,Low,Low Risk,49+ Months,0,0.004720808041741709,Low Risk
6166-ILMNY,Female,0,No,No,2,Yes,No,Fiber optic,No,No,No,No,No,No,Month-to-month,No,Bank transfer (automatic),69.75,144.55,1,0,0-12 Months,Medium,Medium Risk,0-12 Months,1,0.5798304685383026,Medium Risk
0040-HALCW,Male,0,Yes,Yes,54,Yes,No,No,No internet service,No internet service,No internet service,No internet service,No internet service,No internet service,Two year,No,Credit card (automatic),20.4,1090.6,0,0,49+ Months,Low,Low Risk,49+ Months,0,0.0060710657786404035,Low Risk
9804-ICWBG,Male,0,No,No,1,Yes,No,Fiber optic,No,No,No,No,No,No,Month-to-month,Yes,Electronic check,69.9,69.9,1,0,0-12 Months,Medium,Medium Risk,0-12 Months,1,0.730635697640195,High Risk
7876-BEUTG,Female,0,No,No,15,Yes,Yes,DSL,No,No,No,No,No,No,Month-to-month,Yes,Mailed check,48.8,720.1,0,0,13-24 Months,Medium,Medium Risk,13-24 Months,0,0.3108861465050033,Low Risk
2325-ZUSFD,Female,0,Yes,Yes,57,Yes,No,DSL,Yes,No,No,No,Yes,Yes,One year,Yes,Bank transfer (automatic),70.1,3913.3,1,0,49+ Months,High,Low Risk,49+ Months,0,0.047235736659148236,Low Risk
0096-BXERS,Female,0,Yes,No,6,Yes,Yes,DSL,No,No,No,No,No,No,Month-to-month,No,Electronic check,50.35,314.55,0,0,0-12 Months,Medium,Medium Risk,0-12 Months,0,0.49554885337312976,Medium Risk
9086-YJYXS,Male,0,Yes,Yes,34,Yes,Yes,DSL,No,No,Yes,No,Yes,Yes,One year,No,Bank transfer (automatic),77.2,2753.8,0,0,25-48 Months,High,Low Risk,25-48 Months,0,0.1073946492313865,Low Risk
2309-OSFEU,Male,0,No,No,10,No,No phone service,DSL,No,No,No,No,No,Yes,Month-to-month,Yes,Mailed check,33.9,298.45,1,0,0-12 Months,Medium,Medium Risk,0-12 Months,1,0.5853266667925682,Medium Risk
7740-BTPUX,Male,1,Yes,No,55,Yes,Yes,Fiber optic,No,Yes,Yes,Yes,Yes,Yes,Two year,Yes,Electronic check,113.6,6292.7,0,0,49+ Months,High,Low Risk,49+ Months,0,0.18585701511878452,Low Risk
7931-PXHFC,Male,0,No,No,38,Yes,No,DSL,No,No,Yes,Yes,No,Yes,One year,Yes,Mailed check,62.3,2354.8,1,0,25-48 Months,Medium,Low Risk,25-48 Months,0,0.06780913190133442,Low Risk
3694-GLTJM,Female,0,No,No,5,Yes,No,No,No internet service,No internet service,No internet service,No internet service,No internet service,No internet service,Month-to-month,Yes,Credit card (automatic),19.65,92.05,0,0,0-12 Months,Low,Medium Risk,0-12 Months,0,0.24132766685214746,Low Risk
0230-UBYPQ,Male,1,Yes,No,63,No,No phone service,DSL,Yes,No,No,Yes,No,No,One year,No,Bank transfer (automatic),36.1,2298.9,0,0,49+ Months,Medium,Low Risk,49+ Months,0,0.02648780904990053,Low Risk
2984-AFWNC,Female,0,No,No,3,Yes,No,Fiber optic,No,Yes,No,No,Yes,Yes,Month-to-month,No,Electronic check,95.4,293.15,0,0,0-12 Months,High,High Risk,0-12 Months,1,0.7176048991260874,High Risk
4753-PADAS,Female,0,Yes,No,67,Yes,Yes,Fiber optic,No,Yes,Yes,No,Yes,Yes,One year,Yes,Bank transfer (automatic),105.7,6816.95,0,0,49+ Months,High,Low Risk,49+ Months,0,0.19777340013513062,Low Risk
7808-DVWEP,Male,0,Yes,No,3,Yes,No,No,No internet service,No internet service,No internet service,No internet service,No internet service,No internet service,Month-to-month,No,Bank transfer (automatic),20.0,49.65,0,0,0-12 Months,Low,Medium Risk,0-12 Months,0,0.1898518885104637,Low Risk
2103-ZRXFN,Male,0,No,No,1,Yes,Yes,DSL,No,No,No,No,No,No,Month-to-month,No,Mailed check,50.75,50.75,0,0,0-12 Months,Medium,Medium Risk,0-12 Months,0,0.4691682037730087,Medium Risk
3785-NRHYR,Male,0,No,No,1,Yes,No,No,No internet service,No internet service,No internet service,No internet service,No internet service,No internet service,Month-to-month,No,Mailed check,19.65,19.65,0,0,0-12 Months,Low,Medium Risk,0-12 Months,0,0.22183867262240714,Low Risk
4640-UHDOS,Female,0,Yes,Yes,13,Yes,No,DSL,No,No,No,No,No,Yes,Month-to-month,No,Electronic check,55.95,734.35,1,0,13-24 Months,Medium,Medium Risk,13-24 Months,0,0.2537863707930493,Low Risk
0487-VVUVK,Male,0,Yes,Yes,25,Yes,No,No,No internet service,No internet service,No internet service,No internet service,No internet service,No internet service,Month-to-month,Yes,Mailed check,19.15,477.6,0,0,25-48 Months,Low,Medium Risk,25-48 Months,0,0.0758473689925143,Low Risk
1784-EZDKJ,Male,0,Yes,No,51,Yes,Yes,Fiber optic,No,Yes,Yes,No,Yes,Yes,One year,Yes,Bank transfer (automatic),106.8,5498.8,0,0,49+ Months,High,Low Risk,49+ Months,0,0.3061054985003952,Low Risk
3627-FHKBK,Female,0,No,No,1,Yes,No,Fiber optic,Yes,No,No,No,No,No,Month-to-month,No,Mailed check,75.3,75.3,1,0,0-12 Months,High,High Risk,0-12 Months,0,0.491923905697774,Medium Risk
8375-KVTHK,Male,0,Yes,No,68,Yes,No,Fiber optic,No,Yes,No,Yes,Yes,Yes,One year,Yes,Electronic check,100.3,6754.35,0,0,49+ Months,High,Low Risk,49+ Months,0,0.13328520252655912,Low Risk
5583-EJXRD,Male,0,Yes,Yes,44,No,No phone service,DSL,Yes,Yes,Yes,Yes,No,Yes,Two year,Yes,Credit card (automatic),54.05,2375.2,0,0,25-48 Months,Medium,Low Risk,25-48 Months,0,0.020560921951022788,Low Risk
3030-YDNRM,Male,0,No,No,8,Yes,Yes,Fiber optic,No,No,No,No,No,No,Month-to-month,Yes,Electronic check,74.85,572.45,0,0,0-12 Months,High,High Risk,0-12 Months,1,0.7360587703431827,High Risk
4342-HENTK,Female,1,No,No,2,Yes,No,Fiber optic,No,No,No,No,No,No,Month-to-month,Yes,Electronic check,70.65,142.35,1,0,0-12 Months,High,High Risk,0-12 Months,1,0.7551839742517118,High Risk
2750-BJLSB,Female,0,No,No,47,Yes,No,Fiber optic,Yes,No,Yes,Yes,Yes,Yes,One year,Yes,Electronic check,103.7,4730.6,0,0,25-48 Months,High,Low Risk,25-48 Months,0,0.14570456962082823,Low Risk
7881-EVUAD,Female,0,No,No,2,No,No phone service,DSL,Yes,Yes,No,No,No,Yes,Month-to-month,Yes,Electronic check,42.6,72.4,1,0,0-12 Months,Medium,Medium Risk,0-12 Months,1,0.6182547314036905,Medium Risk
6000-APYLU,Male,0,No,No,9,Yes,No,Fiber optic,No,No,No,No,No,Yes,Month-to-month,Yes,Electronic check,80.8,713.1,1,0,0-12 Months,High,High Risk,0-12 Months,1,0.6999512747596867,Medium Risk
7711-GQBZC,Female,0,Yes,Yes,71,Yes,Yes,No,No internet service,No internet service,No internet service,No internet service,No internet service,No internet service,Two year,No,Bank transfer (automatic),24.7,1810.55,0,0,49+ Months,Low,Low Risk,49+ Months,0,0.003950952985864789,Low Risk
0822-QGCXA,Female,1,Yes,No,27,Yes,Yes,DSL,No,Yes,Yes,Yes,Yes,Yes,Month-to-month,No,Electronic check,83.85,2310.2,0,0,25-48 Months,High,Medium Risk,25-48 Months,0,0.31848516123905335,Low Risk
1936-CZAKF,Male,0,Yes,No,49,No,No phone service,DSL,No,Yes,No,No,Yes,Yes,Two year,No,Credit card (automatic),49.65,2409.9,0,0,49+ Months,Medium,Low Risk,49+ Months,0,0.06785511659583783,Low Risk
5980-BDHPY,Male,0,Yes,No,72,Yes,Yes,DSL,Yes,Yes,Yes,Yes,Yes,Yes,Two year,Yes,Bank transfer (automatic),87.1,6230.1,0,0,49+ Months,High,Low Risk,49+ Months,0,0.016710703144047424,Low Risk
7277-OZCGZ,Female,0,No,No,22,Yes,No,Fiber optic,Yes,No,No,Yes,No,Yes,Month-to-month,Yes,Electronic check,89.05,1886.25,0,0,13-24 Months,High,Medium Risk,13-24 Months,0,0.31610211894552587,Low Risk
4324-AHJKS,Female,0,No,No,5,Yes,No,DSL,Yes,No,Yes,No,No,No,Month-to-month,No,Credit card (automatic),55.8,300.4,0,0,0-12 Months,Medium,Medium Risk,0-12 Months,0,0.26726786918610973,Low Risk
0823-HSCDJ,Male,1,No,No,52,No,No phone service,DSL,No,Yes,No,No,Yes,Yes,Month-to-month,Yes,Electronic check,49.15,2550.9,1,0,49+ Months,Medium,Medium Risk,49+ Months,0,0.38332556098984855,Low Risk
3556-BVQGL,Female,0,Yes,No,20,Yes,No,No,No internet service,No internet service,No internet service,No internet service,No internet service,No internet service,One year,Yes,Mailed check,20.0,416.45,0,0,13-24 Months,Low,Low Risk,13-24 Months,0,0.04780257477124522,Low Risk
2865-TCHJW,Female,1,No,No,4,Yes,Yes,Fiber optic,No,No,Yes,No,Yes,No,Month-to-month,Yes,Electronic check,89.2,346.2,1,0,0-12 Months,High,High Risk,0-12 Months,1,0.854967784168836,High Risk
0168-XZKBB,Female,0,Yes,No,19,Yes,Yes,Fiber optic,No,No,No,No,Yes,No,Month-to-month,Yes,Electronic check,86.85,1564.4,0,0,13-24 Months,High,Medium Risk,13-24 Months,1,0.6059678386879287,Medium Risk
4817-VYYWS,Female,0,No,No,30,Yes,Yes,Fiber optic,No,Yes,No,No,Yes,Yes,Month-to-month,Yes,Electronic check,100.2,2983.8,1,0,25-48 Months,High,Medium Risk,25-48 Months,1,0.6046775183838756,Medium Risk
0235-KGSLC,Female,0,No,No,1,Yes,No,Fiber optic,No,No,Yes,No,Yes,No,Month-to-month,Yes,Credit card (automatic),85.55,85.55,1,0,0-12 Months,High,High Risk,0-12 Months,1,0.7263507848146749,High Risk
4770-QAZXN,Female,0,No,No,13,Yes,No,No,No internet service,No internet service,No internet service,No internet service,No internet service,No internet service,Month-to-month,No,Credit card (automatic),19.45,232.1,0,0,13-24 Months,Low,Medium Risk,13-24 Months,0,0.09682432681467666,Low Risk
3785-KTYSH,Male,0,No,No,53,Yes,Yes,No,No internet service,No internet service,No internet service,No internet service,No internet service,No internet service,Two year,No,Mailed check,24.6,1279.0,0,0,49+ Months,Low,Low Risk,49+ Months,0,0.0120726337601751,Low Risk
4283-FUTGF,Male,1,No,No,19,Yes,Yes,Fiber optic,No,No,Yes,No,No,No,Month-to-month,Yes,Electronic check,79.85,1471.75,1,0,13-24 Months,High,Medium Risk,13-24 Months,1,0.6056613113887898,Medium Risk
4115-NZRKS,Female,1,No,No,7,Yes,No,Fiber optic,No,No,No,No,Yes,Yes,Month-to-month,Yes,Electronic check,89.15,574.35,0,0,0-12 Months,High,High Risk,0-12 Months,1,0.8149398776538964,High Risk
6806-YDEUL,Female,1,No,No,6,Yes,No,No,No internet service,No internet service,No internet service,No internet service,No internet service,No internet service,Month-to-month,No,Bank transfer (automatic),19.5,106.8,0,0,0-12 Months,Low,Medium Risk,0-12 Months,0,0.20773808345216135,Low Risk
4128-ETESU,Female,1,Yes,No,47,Yes,Yes,Fiber optic,No,No,Yes,No,Yes,Yes,Month-to-month,No,Electronic check,99.7,4747.2,0,0,25-48 Months,High,Medium Risk,25-48 Months,0,0.4891136455813212,Medium Risk
2085-JVGAD,Male,0,Yes,No,37,Yes,No,No,No internet service,No internet service,No internet service,No internet service,No internet service,No internet service,Month-to-month,No,Bank transfer (automatic),20.35,697.65,0,0,25-48 Months,Low,Medium Risk,25-48 Months,0,0.03648730509484285,Low Risk
4360-PNRQB,Male,0,No,No,18,Yes,Yes,Fiber optic,No,No,No,No,No,No,Month-to-month,Yes,Bank transfer (automatic),75.6,1395.05,0,0,13-24 Months,High,Medium Risk,13-24 Months,0,0.454772701693286,Medium Risk
4353-HYOJD,Female,0,Yes,Yes,27,Yes,No,DSL,No,Yes,No,No,No,No,Month-to-month,No,Mailed check,49.85,1336.15,0,0,25-48 Months,Medium,Medium Risk,25-48 Months,0,0.103715032899576,Low Risk
3179-GBRWV,Male,1,Yes,No,21,Yes,No,DSL,Yes,Yes,No,No,No,Yes,Month-to-month,Yes,Bank transfer (automatic),64.95,1339.8,0,0,13-24 Months,Medium,Medium Risk,13-24 Months,0,0.1575592279759187,Low Risk
4818-QIUFN,Female,1,No,No,20,Yes,Yes,Fiber optic,Yes,No,No,No,No,No,Month-to-month,Yes,Electronic check,79.15,1520.9,1,0,13-24 Months,High,Medium Risk,13-24 Months,0,0.4923293422966815,Medium Risk
7504-UWHNB,Male,0,No,No,25,Yes,No,Fiber optic,No,No,No,No,No,No,Month-to-month,No,Electronic check,69.75,1729.35,0,0,25-48 Months,Medium,Medium Risk,25-48 Months,0,0.39108819517247756,Low Risk
5553-AOINX,Female,1,Yes,Yes,66,Yes,Yes,Fiber optic,No,Yes,Yes,No,Yes,Yes,One year,Yes,Electronic check,104.9,6891.45,0,0,49+ Months,High,Low Risk,49+ Months,0,0.2802598566114546,Low Risk
3410-MHHUM,Female,0,Yes,Yes,44,Yes,Yes,Fiber optic,No,Yes,Yes,No,No,Yes,One year,No,Electronic check,94.4,4295.35,0,0,25-48 Months,High,Low Risk,25-48 Months,0,0.17811468204809092,Low Risk
3192-LNKRK,Male,0,Yes,Yes,34,Yes,No,Fiber optic,No,No,Yes,No,Yes,No,Month-to-month,Yes,Mailed check,84.05,2909.95,0,0,25-48 Months,High,Medium Risk,25-48 Months,0,0.33650004551495794,Low Risk
1097-FSPVW,Female,0,No,No,42,Yes,No,DSL,Yes,No,Yes,No,No,No,Month-to-month,No,Credit card (automatic),54.55,2455.05,0,0,25-48 Months,Medium,Medium Risk,25-48 Months,0,0.06110899543561239,Low Risk
2483-XSSMZ,Female,0,No,No,39,Yes,No,DSL,Yes,No,No,No,No,No,One year,Yes,Electronic check,47.85,1886.4,0,0,25-48 Months,Medium,Low Risk,25-48 Months,0,0.05917724665576638,Low Risk
2732-ISEZX,Female,0,No,No,5,Yes,No,No,No internet service,No internet service,No internet service,No internet service,No internet service,No internet service,Month-to-month,Yes,Mailed check,20.5,104.3,0,0,0-12 Months,Low,Medium Risk,0-12 Months,0,0.2399448124188597,Low Risk
7975-JMZNT,Male,0,Yes,No,66,Yes,Yes,DSL,Yes,Yes,Yes,Yes,Yes,Yes,Two year,No,Bank transfer (automatic),91.7,6075.9,0,0,49+ Months,High,Low Risk,49+ Months,0,0.014926908126269903,Low Risk
3606-SBKRY,Male,0,No,No,31,No,No phone service,DSL,No,No,Yes,No,Yes,Yes,One year,Yes,Electronic check,50.05,1523.4,0,0,25-48 Months,Medium,Low Risk,25-48 Months,0,0.3044342865392476,Low Risk
1047-RNXZV,Male,0,No,No,43,Yes,No,No,No internet service,No internet service,No internet service,No internet service,No internet service,No internet service,Two year,No,Mailed check,19.55,876.15,0,0,25-48 Months,Low,Low Risk,25-48 Months,0,0.007408221431647277,Low Risk
5174-ITUMV,Male,0,Yes,Yes,67,Yes,Yes,Fiber optic,No,Yes,Yes,No,Yes,Yes,One year,Yes,Electronic check,105.4,6989.45,0,0,49+ Months,High,Low Risk,49+ Months,0,0.22631522714104643,Low Risk
0080-EMYVY,Female,0,No,No,14,Yes,No,DSL,No,Yes,No,No,No,No,One year,No,Credit card (automatic),51.45,727.85,0,0,13-24 Months,Medium,Low Risk,13-24 Months,0,0.08617706443739244,Low Risk
6956-SMUCM,Female,0,No,No,3,Yes,No,Fiber optic,Yes,No,Yes,No,Yes,Yes,Month-to-month,Yes,Credit card (automatic),99.0,287.4,1,0,0-12 Months,High,High Risk,0-12 Months,1,0.6828180753192807,Medium Risk
1265-BCFEO,Female,0,Yes,No,71,Yes,Yes,DSL,No,No,Yes,Yes,Yes,Yes,Two year,Yes,Bank transfer (automatic),80.45,5662.25,0,0,49+ Months,High,Low Risk,49+ Months,0,0.02769649373908596,Low Risk
3696-XRIEN,Female,0,No,No,50,Yes,Yes,DSL,Yes,No,Yes,Yes,Yes,Yes,One year,Yes,Credit card (automatic),82.5,4179.1,0,0,49+ Months,High,Low Risk,49+ Months,0,0.09938139451226294,Low Risk
0853-TWRVK,Male,0,Yes,No,72,Yes,Yes,Fiber optic,Yes,Yes,Yes,Yes,No,Yes,Two year,No,Bank transfer (automatic),105.6,7581.5,0,0,49+ Months,High,Low Risk,49+ Months,0,0.02511100935061531,Low Risk
6521-YYTYI,Male,0,No,Yes,1,Yes,Yes,Fiber optic,No,No,No,No,Yes,Yes,Month-to-month,Yes,Electronic check,93.3,93.3,1,0,0-12 Months,High,High Risk,0-12 Months,1,0.8403510261113517,High Risk
7244-KXYZN,Female,0,No,No,24,Yes,No,No,No internet service,No internet service,No internet service,No internet service,No internet service,No internet service,One year,No,Credit card (automatic),20.45,527.35,0,0,13-24 Months,Low,Low Risk,13-24 Months,0,0.029788808449833816,Low Risk
4946-EDSEW,Female,0,Yes,Yes,11,Yes,No,No,No internet service,No internet service,No internet service,No internet service,No internet service,No internet service,Month-to-month,Yes,Mailed check,19.25,180.3,1,0,0-12 Months,Low,Medium Risk,0-12 Months,0,0.16232246416710933,Low Risk
1763-WQFUK,Male,0,No,No,3,Yes,No,DSL,No,No,No,Yes,No,No,Month-to-month,Yes,Mailed check,50.5,147.75,0,0,0-12 Months,Medium,Medium Risk,0-12 Months,0,0.34501916784711445,Low Risk
2761-OCIAX,Male,1,No,No,2,Yes,No,Fiber optic,No,Yes,No,No,No,No,Month-to-month,Yes,Electronic check,74.7,165.4,1,0,0-12 Months,High,High Risk,0-12 Months,1,0.7187133328052201,High Risk
2282-YGNOR,Female,0,No,No,29,Yes,No,DSL,Yes,No,Yes,Yes,No,No,One year,No,Credit card (automatic),58.0,1734.5,0,0,25-48 Months,Medium,Low Risk,25-48 Months,0,0.039597258173415785,Low Risk
1862-QRWPE,Female,0,Yes,Yes,48,Yes,No,No,No internet service,No internet service,No internet service,No internet service,No internet service,No internet service,Two year,No,Bank transfer (automatic),20.65,1057.0,0,0,25-48 Months,Low,Low Risk,25-48 Months,0,0.004373630948774154,Low Risk
8857-CUPFQ,Male,0,Yes,No,63,Yes,No,No,No internet service,No internet service,No internet service,No internet service,No internet service,No internet service,Two year,No,Mailed check,19.25,1237.65,0,0,49+ Months,Low,Low Risk,49+ Months,0,0.0050123371336709445,Low Risk
5630-AHZIL,Female,0,No,Yes,3,Yes,No,DSL,Yes,No,No,Yes,No,Yes,Month-to-month,Yes,Bank transfer (automatic),64.5,177.4,0,0,0-12 Months,Medium,Medium Risk,0-12 Months,0,0.25988558045044097,Low Risk
5949-EBSQK,Male,0,Yes,Yes,4,Yes,No,DSL,No,No,No,Yes,No,Yes,Month-to-month,No,Credit card (automatic),61.45,229.55,1,0,0-12 Months,Medium,Medium Risk,0-12 Months,0,0.27181527037503134,Low Risk
8654-DHAOW,Female,0,No,No,2,Yes,Yes,DSL,No,Yes,No,No,No,No,Month-to-month,No,Mailed check,54.15,101.65,0,0,0-12 Months,Medium,Medium Risk,0-12 Months,0,0.4284125301889608,Medium Risk
4393-RYCRE,Male,0,No,No,44,Yes,No,Fiber optic,Yes,Yes,Yes,No,Yes,Yes,One year,Yes,Electronic check,106.05,4510.8,0,0,25-48 Months,High,Low Risk,25-48 Months,0,0.1739530908786211,Low Risk
9297-EONCV,Female,0,No,No,72,Yes,Yes,DSL,Yes,Yes,Yes,Yes,Yes,Yes,Two year,Yes,Bank transfer (automatic),91.35,6697.2,0,0,49+ Months,High,Low Risk,49+ Months,0,0.0167153160861299,Low Risk
2272-WUSPA,Female,0,Yes,No,72,Yes,Yes,Fiber optic,Yes,Yes,Yes,No,Yes,Yes,Two year,Yes,Electronic check,110.75,7751.7,0,0,49+ Months,High,Low Risk,49+ Months,0,0.09035918445076183,Low Risk
6892-XPFPU,Male,1,Yes,No,24,Yes,Yes,Fiber optic,No,Yes,Yes,No,Yes,Yes,Month-to-month,Yes,Electronic check,104.25,2433.9,1,0,13-24 Months,High,Medium Risk,13-24 Months,1,0.6549797198363632,Medium Risk
7534-BFESC,Male,1,No,No,24,Yes,Yes,Fiber optic,No,No,No,No,No,No,Month-to-month,Yes,Electronic check,76.1,1712.7,1,0,13-24 Months,High,Medium Risk,13-24 Months,1,0.5320144061384975,Medium Risk
5027-YOCXN,Male,0,Yes,Yes,51,Yes,Yes,Fiber optic,Yes,Yes,No,Yes,Yes,Yes,One year,No,Credit card (automatic),110.05,5686.4,0,0,49+ Months,High,Low Risk,49+ Months,0,0.11906424272715377,Low Risk
9470-YFUYI,Male,1,Yes,No,71,Yes,No,DSL,Yes,Yes,No,Yes,Yes,No,One year,Yes,Bank transfer (automatic),71.0,5012.1,0,0,49+ Months,High,Low Risk,49+ Months,0,0.018224090956220143,Low Risk
6518-KZXCB,Male,0,No,No,22,Yes,Yes,No,No internet service,No internet service,No internet service,No internet service,No internet service,No internet service,Two year,No,Mailed check,25.25,566.5,0,0,13-24 Months,Low,Low Risk,13-24 Months,0,0.02253790161137235,Low Risk
8869-TORSS,Female,0,No,No,48,Yes,No,DSL,Yes,No,Yes,Yes,No,No,One year,Yes,Credit card (automatic),60.35,2896.4,1,0,25-48 Months,Medium,Low Risk,25-48 Months,0,0.022531770727480242,Low Risk
8699-ASUFO,Male,1,Yes,No,7,Yes,Yes,Fiber optic,No,No,No,No,No,No,Month-to-month,Yes,Mailed check,74.4,527.9,1,0,0-12 Months,High,High Risk,0-12 Months,1,0.7274569630096808,High Risk
3156-QLHBO,Male,0,No,Yes,2,Yes,No,No,No internet service,No internet service,No internet service,No internet service,No internet service,No internet service,Month-to-month,No,Mailed check,19.25,48.35,0,0,0-12 Months,Low,Medium Risk,0-12 Months,0,0.18199910866499133,Low Risk
3011-WQKSZ,Male,0,No,Yes,19,Yes,No,No,No internet service,No internet service,No internet service,No internet service,No internet service,No internet service,Month-to-month,Yes,Electronic check,20.0,377.55,0,0,13-24 Months,Low,Medium Risk,13-24 Months,0,0.10216009527860892,Low Risk
5533-NHFRF,Male,1,No,No,7,No,No phone service,DSL,No,Yes,No,Yes,No,Yes,Month-to-month,Yes,Electronic check,44.4,265.8,0,0,0-12 Months,Medium,Medium Risk,0-12 Months,1,0.6087696038481127,Medium Risk
2101-RANCD,Female,0,No,No,55,Yes,Yes,Fiber optic,No,No,No,No,No,No,Month-to-month,Yes,Electronic check,73.1,4144.9,0,0,49+ Months,High,Medium Risk,49+ Months,0,0.40480681759641685,Medium Risk
6817-WTYHE,Male,0,No,No,2,Yes,No,DSL,No,No,No,No,No,No,Month-to-month,No,Bank transfer (automatic),44.9,111.05,0,0,0-12 Months,Medium,Medium Risk,0-12 Months,0,0.35716615793612405,Low Risk
2482-CZGBB,Male,0,No,No,10,Yes,No,Fiber optic,No,No,No,No,No,No,Month-to-month,Yes,Electronic check,70.0,740.0,1,0,0-12 Months,High,High Risk,0-12 Months,1,0.6408726697788799,Medium Risk
3523-QRQLL,Female,0,Yes,Yes,22,Yes,No,DSL,No,Yes,No,No,Yes,Yes,One year,Yes,Bank transfer (automatic),69.5,1498.2,1,0,13-24 Months,Medium,Low Risk,13-24 Months,0,0.10920875115511557,Low Risk
4304-TSPVK,Female,0,Yes,No,68,Yes,Yes,Fiber optic,Yes,Yes,Yes,Yes,Yes,Yes,Two year,No,Bank transfer (automatic),114.9,7843.55,0,0,49+ Months,High,Low Risk,49+ Months,0,0.04329165018016439,Low Risk
9489-UTFKA,Male,1,Yes,No,8,Yes,No,DSL,Yes,No,No,No,Yes,No,Month-to-month,No,Bank transfer (automatic),60.9,551.95,0,0,0-12 Months,Medium,Medium Risk,0-12 Months,0,0.3105894538717614,Low Risk
1459-QNFQT,Male,0,Yes,Yes,70,No,No phone service,DSL,Yes,No,Yes,Yes,Yes,Yes,Two year,No,Bank transfer (automatic),59.5,4144.8,0,0,49+ Months,Medium,Low Risk,49+ Months,0,0.013833050708659088,Low Risk
4983-CLMLV,Female,0,Yes,No,52,Yes,Yes,Fiber optic,No,Yes,No,Yes,Yes,Yes,Month-to-month,Yes,Credit card (automatic),102.7,5138.1,0,0,49+ Months,High,Medium Risk,49+ Months,0,0.393638908753044,Low Risk
1522-VVDMG,Male,0,Yes,Yes,7,Yes,No,Fiber optic,No,Yes,No,Yes,Yes,No,Month-to-month,Yes,Electronic check,89.75,608.8,1,0,0-12 Months,High,High Risk,0-12 Months,1,0.5569400399593636,Medium Risk
8791-GFXLZ,Male,0,No,No,12,Yes,No,DSL,No,Yes,No,No,No,No,Month-to-month,Yes,Bank transfer (automatic),49.05,593.05,0,0,0-12 Months,Medium,Medium Risk,0-12 Months,0,0.2867093716444442,Low Risk
2669-QVCRG,Female,0,No,No,41,Yes,Yes,Fiber optic,Yes,No,No,No,No,No,Month-to-month,Yes,Credit card (automatic),81.3,3190.65,0,0,25-48 Months,High,Medium Risk,25-48 Months,0,0.23328740025086792,Low Risk
6199-IPCAO,Female,0,Yes,Yes,29,Yes,Yes,No,No internet service,No internet service,No internet service,No internet service,No internet service,No internet service,Two year,No,Mailed check,26.1,692.55,0,0,25-48 Months,Low,Low Risk,25-48 Months,0,0.01678965999913701,Low Risk
8727-JQFHV,Male,0,Yes,Yes,57,Yes,No,No,No internet service,No internet service,No internet service,No internet service,No internet service,No internet service,Two year,No,Mailed check,20.75,1123.15,0,0,49+ Months,Low,Low Risk,49+ Months,0,0.005245747281448793,Low Risk
8819-IMISP,Male,0,No,No,31,Yes,Yes,Fiber optic,No,Yes,No,No,No,No,Month-to-month,Yes,Electronic check,80.45,2429.1,0,0,25-48 Months,High,Medium Risk,25-48 Months,0,0.43672919565914764,Medium Risk
0924-BJCRC,Female,1,Yes,No,60,Yes,Yes,Fiber optic,No,Yes,No,No,No,Yes,Month-to-month,No,Electronic check,89.45,5294.6,0,0,49+ Months,High,Medium Risk,49+ Months,0,0.3657369128338114,Low Risk
7821-DPRQE,Male,0,Yes,No,68,Yes,Yes,Fiber optic,Yes,Yes,No,Yes,Yes,Yes,Month-to-month,Yes,Electronic check,107.7,7320.9,0,0,49+ Months,High,Medium Risk,49+ Months,0,0.25429434858649363,Low Risk
0556-FJEGU,Male,0,No,No,58,Yes,No,DSL,No,Yes,Yes,Yes,Yes,No,Two year,No,Bank transfer (automatic),70.1,4048.95,0,0,49+ Months,High,Low Risk,49+ Months,0,0.014669074868544208,Low Risk
9878-TNQGW,Male,0,No,No,2,Yes,No,Fiber optic,No,No,No,No,No,Yes,Month-to-month,Yes,Electronic check,80.95,171.15,1,0,0-12 Months,High,High Risk,0-12 Months,1,0.7552393223724307,High Risk
1766-GKNMI,Male,0,No,No,29,Yes,Yes,Fiber optic,No,No,No,No,No,Yes,Month-to-month,Yes,Electronic check,84.9,2516.2,0,0,25-48 Months,High,Medium Risk,25-48 Months,1,0.5748222576183506,Medium Risk
7422-WNBTY,Male,0,Yes,No,33,Yes,Yes,Fiber optic,No,Yes,Yes,No,No,Yes,Month-to-month,Yes,Electronic check,93.35,3092.0,0,0,25-48 Months,High,Medium Risk,25-48 Months,1,0.5162430982433628,Medium Risk
5915-ANOEI,Male,0,Yes,No,70,Yes,Yes,DSL,Yes,Yes,Yes,Yes,Yes,No,Two year,No,Mailed check,79.15,5536.5,0,0,49+ Months,High,Low Risk,49+ Months,0,0.010238764606677579,Low Risk
6651-AZVTJ,Male,0,Yes,Yes,49,Yes,Yes,Fiber optic,No,No,Yes,No,Yes,Yes,Month-to-month,Yes,Electronic check,99.8,4872.45,1,0,49+ Months,High,Medium Risk,49+ Months,1,0.5743998615447262,Medium Risk
2135-DQWAQ,Female,0,No,No,5,Yes,No,Fiber optic,No,Yes,No,No,Yes,No,Month-to-month,Yes,Mailed check,85.3,420.45,0,0,0-12 Months,High,High Risk,0-12 Months,1,0.6458988944363226,Medium Risk
4685-TFLLS,Male,0,Yes,Yes,18,Yes,No,No,No internet service,No internet service,No internet service,No internet service,No internet service,No internet service,One year,No,Bank transfer (automatic),19.8,342.3,0,0,13-24 Months,Low,Low Risk,13-24 Months,0,0.029316863298850217,Low Risk
7766-CLTIC,Female,0,No,No,10,Yes,No,DSL,No,No,No,Yes,No,Yes,Month-to-month,Yes,Mailed check,60.95,629.55,0,0,0-12 Months,Medium,Medium Risk,0-12 Months,0,0.337032207363758,Low Risk
3761-FLYZI,Female,1,Yes,No,65,Yes,Yes,Fiber optic,No,Yes,Yes,No,Yes,Yes,Month-to-month,Yes,Bank transfer (automatic),108.8,7082.45,0,0,49+ Months,High,Medium Risk,49+ Months,0,0.39526714108631894,Low Risk
2077-MPJQO,Male,1,Yes,No,7,Yes,Yes,Fiber optic,No,No,No,No,No,No,Month-to-month,Yes,Electronic check,75.4,533.05,0,0,0-12 Months,High,High Risk,0-12 Months,1,0.7784235869236897,High Risk
4998-IKFSE,Female,0,No,No,30,Yes,Yes,Fiber optic,No,No,Yes,No,Yes,Yes,Month-to-month,No,Electronic check,100.45,3096.9,0,0,25-48 Months,High,Medium Risk,25-48 Months,1,0.5939204635551443,Medium Risk
7587-RZNME,Male,0,No,No,3,Yes,No,DSL,No,No,No,No,No,No,Month-to-month,Yes,Electronic check,43.3,123.65,1,0,0-12 Months,Medium,Medium Risk,0-12 Months,1,0.5169699064825631,Medium Risk
4078-SAYYN,Female,0,No,No,11,Yes,Yes,Fiber optic,No,No,Yes,No,Yes,Yes,Month-to-month,Yes,Electronic check,100.75,1129.75,1,0,0-12 Months,High,High Risk,0-12 Months,1,0.8202920697521119,High Risk
8041-TMEID,Male,1,Yes,No,63,Yes,Yes,Fiber optic,Yes,Yes,Yes,No,Yes,Yes,Two year,No,Credit card (automatic),108.5,6991.9,0,0,49+ Months,High,Low Risk,49+ Months,0,0.0897349277995855,Low Risk
3055-MJDSB,Male,0,No,No,9,No,No phone service,DSL,No,No,No,No,No,No,Month-to-month,Yes,Mailed check,24.6,190.1,0,0,0-12 Months,Low,Medium Risk,0-12 Months,0,0.4653332584396911,Medium Risk
3018-TFTSU,Male,0,No,No,12,Yes,No,Fiber optic,Yes,No,Yes,No,No,No,Month-to-month,No,Bank transfer (automatic),81.7,858.6,1,0,0-12 Months,High,High Risk,0-12 Months,0,0.3588075463935925,Low Risk
8976-OQHGT,Female,0,Yes,Yes,4,Yes,No,DSL,No,Yes,No,Yes,No,No,Month-to-month,No,Mailed check,56.5,235.1,1,0,0-12 Months,Medium,Medium Risk,0-12 Months,0,0.2019839808094679,Low Risk
4208-UFFGW,Male,1,No,No,2,Yes,No,DSL,No,No,No,No,No,No,Month-to-month,No,Mailed check,44.95,85.15,1,0,0-12 Months,Medium,Medium Risk,0-12 Months,0,0.4242337690247314,Medium Risk
2718-YSKCS,Male,0,Yes,Yes,71,Yes,No,No,No internet service,No internet service,No internet service,No internet service,No internet service,No internet service,Two year,Yes,Bank transfer (automatic),19.6,1387.45,0,0,49+ Months,Low,Low Risk,49+ Months,0,0.0033694699323754793,Low Risk
5269-NRGDP,Male,0,Yes,Yes,42,Yes,No,DSL,No,No,Yes,Yes,Yes,Yes,One year,No,Electronic check,73.15,3088.25,0,0,25-48 Months,High,Low Risk,25-48 Months,0,0.061249635651709086,Low Risk
9138-EFSMO,Male,0,Yes,Yes,26,Yes,No,Fiber optic,No,No,No,No,No,Yes,One year,No,Bank transfer (automatic),78.95,2034.25,0,0,25-48 Months,High,Low Risk,25-48 Months,0,0.17640046068832815,Low Risk
1926-QUZNN,Female,0,Yes,No,72,Yes,Yes,No,No internet service,No internet service,No internet service,No internet service,No internet service,No internet service,Two year,Yes,Bank transfer (automatic),25.25,1841.2,0,0,49+ Months,Low,Low Risk,49+ Months,0,0.006114232069689676,Low Risk
5701-ZIKJE,Male,0,No,No,13,Yes,No,DSL,No,No,No,Yes,No,No,Month-to-month,Yes,Mailed check,50.55,610.75,0,0,13-24 Months,Medium,Medium Risk,13-24 Months,0,0.18204205782634286,Low Risk
2546-KZAAT,Male,0,Yes,No,52,Yes,No,DSL,Yes,Yes,No,No,Yes,Yes,One year,Yes,Mailed check,75.4,3865.45,0,0,49+ Months,High,Low Risk,49+ Months,0,0.06374301386431012,Low Risk
1469-LBJQJ,Female,0,Yes,No,66,Yes,Yes,Fiber optic,No,Yes,Yes,No,Yes,Yes,Month-to-month,Yes,Electronic check,105.2,6936.85,0,0,49+ Months,High,Medium Risk,49+ Months,0,0.44001607352066907,Medium Risk
5186-SAMNZ,Male,1,No,No,1,Yes,No,Fiber optic,No,No,No,No,No,No,Month-to-month,Yes,Bank transfer (automatic),69.5,69.5,1,0,0-12 Months,Medium,Medium Risk,0-12 Months,1,0.698322693288385,Medium Risk
6810-VCAEX,Female,0,No,No,47,No,No phone service,DSL,Yes,Yes,No,Yes,No,No,One year,No,Credit card (automatic),39.65,1798.65,0,0,25-48 Months,Medium,Low Risk,25-48 Months,0,0.024232711185936687,Low Risk
1534-OULXE,Female,0,Yes,Yes,61,Yes,No,DSL,Yes,No,No,No,No,No,One year,Yes,Bank transfer (automatic),49.7,2961.4,0,0,49+ Months,Medium,Low Risk,49+ Months,0,0.021869031689835075,Low Risk
9470-RTWDV,Male,0,Yes,Yes,26,Yes,Yes,DSL,No,No,Yes,Yes,Yes,Yes,One year,Yes,Credit card (automatic),82.0,2083.1,0,0,25-48 Months,High,Low Risk,25-48 Months,0,0.14184392680435404,Low Risk
0297-RBCSG,Male,0,No,No,19,Yes,No,DSL,No,Yes,No,Yes,No,Yes,One year,Yes,Bank transfer (automatic),65.35,1231.85,0,0,13-24 Months,Medium,Low Risk,13-24 Months,0,0.07975693238482257,Low Risk
7029-RPUAV,Male,1,Yes,No,17,Yes,Yes,Fiber optic,No,No,Yes,No,Yes,Yes,Month-to-month,Yes,Credit card (automatic),100.45,1622.45,1,0,13-24 Months,High,Medium Risk,13-24 Months,1,0.6756770985732178,Medium Risk
6519-ZHPXP,Female,0,Yes,Yes,72,Yes,No,Fiber optic,Yes,Yes,Yes,Yes,Yes,Yes,Two year,Yes,Bank transfer (automatic),108.3,7679.65,0,0,49+ Months,High,Low Risk,49+ Months,0,0.027374185516539633,Low Risk
5091-HFAZW,Female,0,No,No,2,Yes,No,Fiber optic,Yes,Yes,No,No,Yes,No,Month-to-month,Yes,Electronic check,91.15,168.5,0,0,0-12 Months,High,High Risk,0-12 Months,1,0.6420943667760561,Medium Risk
7609-NRNCA,Female,0,No,No,17,Yes,No,No,No internet service,No internet service,No internet service,No internet service,No internet service,No internet service,One year,No,Mailed check,19.55,280.85,0,0,13-24 Months,Low,Low Risk,13-24 Months,0,0.04210998774657385,Low Risk
6734-FQAJX,Male,1,No,No,67,Yes,No,Fiber optic,Yes,Yes,No,Yes,Yes,Yes,Two year,Yes,Electronic check,105.05,7171.7,0,0,49+ Months,High,Low Risk,49+ Months,0,0.0631768526802139,Low Risk
5996-DAOQL,Male,0,No,No,1,Yes,No,No,No internet service,No internet service,No internet service,No internet service,No internet service,No internet service,Month-to-month,Yes,Mailed check,20.45,20.45,0,0,0-12 Months,Low,Medium Risk,0-12 Months,0,0.2718485656743124,Low Risk
1320-HTRDR,Female,0,No,No,3,Yes,Yes,Fiber optic,No,No,No,No,No,No,Month-to-month,Yes,Electronic check,75.5,220.6,1,0,0-12 Months,High,High Risk,0-12 Months,1,0.7763757895025158,High Risk
6924-TDGMT,Male,0,Yes,No,11,Yes,No,No,No internet service,No internet service,No internet service,No internet service,No internet service,No internet service,One year,Yes,Mailed check,20.55,184.95,0,0,0-12 Months,Low,Medium Risk,0-12 Months,0,0.04972953566974015,Low Risk
9073-ZZIAY,Male,0,Yes,Yes,62,Yes,No,DSL,Yes,Yes,Yes,Yes,Yes,Yes,Two year,No,Electronic check,86.1,5215.25,0,0,49+ Months,High,Low Risk,49+ Months,0,0.013542570940327922,Low Risk
8782-NUUOL,Male,0,No,No,60,Yes,No,DSL,Yes,No,Yes,Yes,Yes,Yes,One year,No,Mailed check,79.0,4801.1,0,0,49+ Months,High,Low Risk,49+ Months,0,0.03435102012416743,Low Risk
2789-CZANW,Female,0,Yes,Yes,64,Yes,Yes,Fiber optic,Yes,Yes,No,Yes,Yes,Yes,Two year,No,Bank transfer (automatic),110.3,6997.3,0,0,49+ Months,High,Low Risk,49+ Months,0,0.03636427230397287,Low Risk
5206-XZZQI,Male,0,No,No,53,Yes,No,Fiber optic,No,Yes,No,Yes,No,No,Month-to-month,Yes,Mailed check,80.6,4348.1,0,0,49+ Months,High,Medium Risk,49+ Months,0,0.17483600990952097,Low Risk
7690-KPNCU,Male,0,Yes,Yes,64,Yes,No,DSL,Yes,No,Yes,No,Yes,Yes,One year,Yes,Credit card (automatic),73.05,4688.65,0,0,49+ Months,High,Low Risk,49+ Months,0,0.04238356766782981,Low Risk
5701-SVCWR,Female,0,No,Yes,1,Yes,Yes,No,No internet service,No internet service,No internet service,No internet service,No internet service,No internet service,Month-to-month,No,Mailed check,24.0,24.0,0,0,0-12 Months,Low,Medium Risk,0-12 Months,0,0.2577825704584264,Low Risk
3996-ZNWYK,Male,1,Yes,Yes,71,Yes,No,No,No internet service,No internet service,No internet service,No internet service,No internet service,No internet service,Two year,No,Credit card (automatic),19.8,1388.45,0,0,49+ Months,Low,Low Risk,49+ Months,0,0.0033087504104126306,Low Risk
8963-MQVYN,Female,0,No,Yes,22,Yes,No,No,No internet service,No internet service,No internet service,No internet service,No internet service,No internet service,Month-to-month,Yes,Electronic check,20.55,469.85,0,0,13-24 Months,Low,Medium Risk,13-24 Months,0,0.09106497817269496,Low Risk
5376-DEQCP,Female,0,No,No,1,Yes,No,Fiber optic,No,No,No,No,No,No,Month-to-month,Yes,Electronic check,70.6,70.6,1,0,0-12 Months,High,High Risk,0-12 Months,1,0.7231745059863242,High Risk
1328-EUZHC,Female,0,Yes,No,18,Yes,No,No,No internet service,No internet service,No internet service,No internet service,No internet service,No internet service,Two year,No,Mailed check,20.1,370.5,0,0,13-24 Months,Low,Low Risk,13-24 Months,0,0.019185366424226864,Low Risk
1303-SRDOK,Female,0,Yes,Yes,55,Yes,No,Fiber optic,No,No,No,No,No,No,Two year,Yes,Credit card (automatic),69.05,3842.6,0,0,49+ Months,Medium,Low Risk,49+ Months,0,0.060430219327966585,Low Risk
2582-FFFZR,Female,0,No,No,22,No,No phone service,DSL,No,No,Yes,No,Yes,Yes,Month-to-month,Yes,Electronic check,50.6,1073.3,0,0,13-24 Months,Medium,Medium Risk,13-24 Months,1,0.5081811486580046,Medium Risk
4750-ZRXIU,Female,1,No,No,4,Yes,Yes,Fiber optic,No,No,No,No,No,Yes,Month-to-month,Yes,Electronic check,84.6,360.1,1,0,0-12 Months,High,High Risk,0-12 Months,1,0.8433768671291335,High Risk
6732-FZUGP,Female,0,No,No,47,Yes,Yes,Fiber optic,Yes,No,Yes,No,Yes,No,One year,No,Credit card (automatic),94.9,4615.25,0,0,25-48 Months,High,Low Risk,25-48 Months,0,0.1267696140635469,Low Risk
3638-DIMPH,Female,0,Yes,No,13,Yes,No,DSL,No,No,No,No,No,No,One year,No,Electronic check,43.8,592.65,0,0,13-24 Months,Medium,Low Risk,13-24 Months,0,0.14466793464801636,Low Risk
9372-TXXPS,Female,0,Yes,No,60,Yes,No,DSL,Yes,Yes,No,Yes,No,No,Two year,No,Bank transfer (automatic),59.85,3483.45,0,0,49+ Months,Medium,Low Risk,49+ Months,0,0.006355427593495855,Low Risk
0750-EBAIU,Male,0,No,No,52,Yes,No,Fiber optic,Yes,No,Yes,No,Yes,No,One year,No,Electronic check,91.25,4738.3,0,0,49+ Months,High,Low Risk,49+ Months,0,0.15502468521732302,Low Risk
7410-YTJIK,Female,0,No,No,7,Yes,Yes,Fiber optic,No,No,No,No,No,No,Month-to-month,No,Mailed check,75.45,480.75,1,0,0-12 Months,High,High Risk,0-12 Months,1,0.6199309681387163,Medium Risk
6695-FRVEC,Male,0,Yes,Yes,67,Yes,No,DSL,Yes,No,Yes,Yes,No,No,Two year,Yes,Bank transfer (automatic),60.4,3953.7,0,0,49+ Months,Medium,Low Risk,49+ Months,0,0.006222539372364806,Low Risk
8490-BXHEO,Male,1,No,No,18,Yes,Yes,Fiber optic,No,Yes,No,No,No,No,Month-to-month,Yes,Credit card (automatic),80.55,1411.65,0,0,13-24 Months,High,Medium Risk,13-24 Months,0,0.477652383659415,Medium Risk
9955-QOPOY,Male,0,Yes,No,69,No,No phone service,DSL,No,Yes,Yes,Yes,Yes,Yes,One year,Yes,Credit card (automatic),60.8,4263.4,0,0,49+ Months,Medium,Low Risk,49+ Months,0,0.0635181682190056,Low Risk
5313-FPXWG,Male,0,No,No,51,Yes,Yes,No,No internet service,No internet service,No internet service,No internet service,No internet service,No internet service,One year,Yes,Bank transfer (automatic),24.6,1266.4,0,0,49+ Months,Low,Low Risk,49+ Months,0,0.03404683299999436,Low Risk
0902-RFHOF,Male,0,No,No,38,Yes,No,No,No internet service,No internet service,No internet service,No internet service,No internet service,No internet service,One year,No,Mailed check,20.1,730.1,0,0,25-48 Months,Low,Low Risk,25-48 Months,0,0.01932012790324251,Low Risk
4646-QZXTF,Female,0,Yes,No,7,Yes,No,DSL,Yes,No,Yes,Yes,Yes,Yes,Month-to-month,No,Bank transfer (automatic),81.25,580.1,0,0,0-12 Months,High,High Risk,0-12 Months,0,0.25868761767640475,Low Risk
2205-LPVGL,Male,1,Yes,Yes,58,Yes,Yes,Fiber optic,Yes,Yes,No,Yes,No,No,One year,Yes,Bank transfer (automatic),89.85,5125.75,0,0,49+ Months,High,Low Risk,49+ Months,0,0.07438984010884687,Low Risk
2043-WVTQJ,Male,0,Yes,No,1,Yes,No,DSL,Yes,No,Yes,No,No,No,Month-to-month,No,Mailed check,55.7,55.7,0,0,0-12 Months,Medium,Medium Risk,0-12 Months,0,0.2970863346663654,Low Risk
3831-YCPUO,Female,0,Yes,Yes,72,Yes,No,Fiber optic,Yes,Yes,Yes,Yes,Yes,Yes,Two year,Yes,Credit card (automatic),109.5,7854.9,0,0,49+ Months,High,Low Risk,49+ Months,0,0.029090285858183438,Low Risk
8404-VIOMB,Female,0,No,No,66,No,No phone service,DSL,Yes,Yes,Yes,Yes,Yes,Yes,Two year,Yes,Bank transfer (automatic),62.5,4136.4,0,0,49+ Months,Medium,Low Risk,49+ Months,0,0.025011055049018616,Low Risk
3319-DWOEP,Male,1,Yes,No,6,Yes,No,Fiber optic,No,No,Yes,No,Yes,Yes,Month-to-month,Yes,Electronic check,95.75,573.75,1,0,0-12 Months,High,High Risk,0-12 Months,1,0.8181683655002941,High Risk
3594-BDSOA,Female,0,Yes,No,24,Yes,No,No,No internet service,No internet service,No internet service,No internet service,No internet service,No internet service,One year,No,Credit card (automatic),20.4,482.8,0,0,13-24 Months,Low,Low Risk,13-24 Months,0,0.029348823807154596,Low Risk
8318-LCNBW,Male,0,Yes,No,35,No,No phone service,DSL,Yes,No,Yes,No,Yes,Yes,One year,No,Credit card (automatic),53.15,1930.9,0,0,25-48 Months,Medium,Low Risk,25-48 Months,0,0.12454749273707957,Low Risk
4012-ZTHBR,Female,0,Yes,Yes,21,Yes,No,DSL,No,No,No,No,No,No,Month-to-month,Yes,Electronic check,44.95,926.25,0,0,13-24 Months,Medium,Medium Risk,13-24 Months,0,0.19950757489436013,Low Risk
7673-BQGKU,Female,0,Yes,Yes,69,Yes,No,No,No internet service,No internet service,No internet service,No internet service,No internet service,No internet service,Two year,No,Bank transfer (automatic),20.15,1337.5,0,0,49+ Months,Low,Low Risk,49+ Months,0,0.0028182958504688843,Low Risk
8908-SLFCJ,Female,0,No,No,21,Yes,No,No,No internet service,No internet service,No internet service,No internet service,No internet service,No internet service,Two year,Yes,Credit card (automatic),20.85,435.25,0,0,13-24 Months,Low,Low Risk,13-24 Months,0,0.02166895732500171,Low Risk
2123-AGEEN,Female,1,No,No,7,Yes,No,Fiber optic,No,No,Yes,No,Yes,No,Month-to-month,Yes,Electronic check,84.35,609.65,0,0,0-12 Months,High,High Risk,0-12 Months,1,0.7841182392007345,High Risk
2675-IJRGJ,Male,0,No,No,53,Yes,No,No,No internet service,No internet service,No internet service,No internet service,No internet service,No internet service,Two year,No,Bank transfer (automatic),19.65,978.0,0,0,49+ Months,Low,Low Risk,49+ Months,0,0.007459147506172121,Low Risk
1902-XBTFB,Male,0,No,Yes,22,Yes,No,Fiber optic,No,Yes,Yes,No,Yes,No,Month-to-month,Yes,Electronic check,89.4,2001.5,1,0,13-24 Months,High,Medium Risk,13-24 Months,0,0.4174167961411504,Medium Risk
4693-VWVBO,Female,0,No,No,3,Yes,No,No,No internet service,No internet service,No internet service,No internet service,No internet service,No internet service,Month-to-month,No,Electronic check,19.55,61.05,0,0,0-12 Months,Low,Medium Risk,0-12 Months,0,0.2643292216345959,Low Risk
1600-DILPE,Female,0,No,No,12,Yes,No,DSL,No,No,No,No,No,No,Month-to-month,Yes,Bank transfer (automatic),45.0,524.35,0,0,0-12 Months,Medium,Medium Risk,0-12 Months,0,0.32529293677507004,Low Risk
0128-MKWSG,Female,0,No,Yes,26,No,No phone service,DSL,Yes,No,No,Yes,No,Yes,Month-to-month,No,Mailed check,45.8,1147.0,0,0,25-48 Months,Medium,Medium Risk,25-48 Months,0,0.1412292121721826,Low Risk
1179-INLAT,Male,0,No,No,3,Yes,No,No,No internet service,No internet service,No internet service,No internet service,No internet service,No internet service,One year,Yes,Mailed check,19.45,69.25,0,0,0-12 Months,Low,Medium Risk,0-12 Months,0,0.07464234675332347,Low Risk
3891-NLXJB,Male,0,No,No,37,No,No phone service,DSL,Yes,Yes,No,Yes,No,No,Two year,Yes,Mailed check,40.55,1390.85,0,0,25-48 Months,Medium,Low Risk,25-48 Months,0,0.02331970722704252,Low Risk
8957-THMOA,Female,0,No,Yes,50,Yes,No,No,No internet service,No internet service,No internet service,No internet service,No internet service,No internet service,Two year,No,Credit card (automatic),20.15,970.85,0,0,49+ Months,Low,Low Risk,49+ Months,0,0.007650795958904958,Low Risk
